die_size,sheet_size,number_out,die_number,seal_flap_size
,,,,
3 1/8 X 6 3/4  DIA,11 x 17,2,# 10 ,1 13/16
3 1/8 X 6 3/4  DIA,17 1/2 x 22 1/2,5,# 10 ,1 13/16
3 1/8 X 6 3/4  DIA,19 x 25,6,# 10 ,1 13/16
3 1/8 X 6 3/4  DIA,23 x 29,9,# 10 ,1 13/16
3 1/8 X 6 3/4  DIA,23 x 35,12,# 10 ,1 13/16
3 1/8 X 6 3/4  DIA,25 x 38,15,# 10 ,1 13/16
3 1/8 X 6 3/4  DIA,28 x 40,16,# 10 ,1 13/16
,,,,
,,,,
3 1/8 X 6 3/4  DIA - MON,11 x 17,2,# 277,2
3 1/8 X 6 3/4  DIA - MON,17 1/2 x 22 1/2,4,# 277,2
3 1/8 X 6 3/4  DIA - MON,19 x 25,5,# 277,2
3 1/8 X 6 3/4  DIA - MON,23 x 29,8,# 277,2
3 1/8 X 6 3/4  DIA - MON,23 x 35,9,# 277,2
3 1/8 X 6 3/4  DIA - MON,25 x 38,12,# 277,2
3 1/8 X 6 3/4  DIA - MON,28 x 40,15,# 277,2
,,,,
,,,,
3 3/8 X 6 1/4  DIA,11 x 17,2,# 156,1 3/8
3 3/8 X 6 1/4  DIA,17 1/2 x 22 1/2,4,# 156,1 3/8
3 3/8 X 6 1/4  DIA,19 x 25,3,# 156,1 3/8
3 3/8 X 6 1/4  DIA,23 x 29,8,# 156,1 3/8
3 3/8 X 6 1/4  DIA,23 x 35,10,# 156,1 3/8
3 3/8 X 6 1/4  DIA,25 x 38,13,# 156,1 3/8
3 3/8 X 6 1/4  DIA,28 x 40,15,# 156,1 3/8
,,,,
,,,,
3 3/8 X 7  DIA,11 x 17,2,# 274,1 3/8
3 3/8 X 7  DIA,17 1/2 x 22 1/2,3,# 274,1 3/8
3 3/8 X 7  DIA,19 x 25,6,# 274,1 3/8
3 3/8 X 7  DIA,23 x 29,8,# 274,1 3/8
3 3/8 X 7  DIA,23 x 35,10,# 274,1 3/8
3 3/8 X 7  DIA,25 x 38,13,# 274,1 3/8
3 3/8 X 7  DIA,28 x 40,15,# 274,1 3/8
,,,,
,,,,
3 3/8 X 7 3/16  DIA,11 x 17,2,# 265,1 1/2
3 3/8 X 7 3/16  DIA,17 1/2 x 22 1/2,3,# 265,1 1/2
3 3/8 X 7 3/16  DIA,19 x 25,6,# 265,1 1/2
3 3/8 X 7 3/16  DIA,23 x 29,8,# 265,1 1/2
3 3/8 X 7 3/16  DIA,23 x 35,10,# 265,1 1/2
3 3/8 X 7 3/16  DIA,25 x 38,2,# 265,1 1/2
3 3/8 X 7 3/16  DIA,28 x 40,15,# 265,1 1/2
,,,,
,,,,
3 3/8 X 7 1/2  DIA,11 x 17,2,# 162,1 5/8
3 3/8 X 7 1/2  DIA,17 1/2 x 22 1/2,4,# 162,1 5/8
3 3/8 X 7 1/2  DIA,19 x 25,5,# 162,1 5/8
3 3/8 X 7 1/2  DIA,23 x 29,6,# 162,1 5/8
3 3/8 X 7 1/2  DIA,23 x 35,9,# 162,1 5/8
3 3/8 X 7 1/2  DIA,25 x 38,11,# 162,1 5/8
3 3/8 X 7 1/2  DIA,28 x 40,13,# 162,1 5/8
,,,,
,,,,
3 3/8 X 7 9/16  DIA,11 x 17,2,# 261,1 9/16
3 3/8 X 7 9/16  DIA,17 1/2 x 22 1/2,4,# 261,1 9/16
3 3/8 X 7 9/16  DIA,19 x 25,5,# 261,1 9/16
3 3/8 X 7 9/16  DIA,23 x 29,6,# 261,1 9/16
3 3/8 X 7 9/16  DIA,23 x 35,9,# 261,1 9/16
3 3/8 X 7 9/16  DIA,25 x 38,11,# 261,1 9/16
3 3/8 X 7 9/16  DIA,28 x 40,13,# 261,1 9/16
,,,,
,,,,
3 3/8 X 7 5/8  DIA,11 x 17,2,# 166,1 3/8
3 3/8 X 7 5/8  DIA,17 1/2 x 22 1/2,4,# 166,1 3/8
3 3/8 X 7 5/8  DIA,19 x 25,5,# 166,1 3/8
3 3/8 X 7 5/8  DIA,23 x 29,6,# 166,1 3/8
3 3/8 X 7 5/8  DIA,23 x 35,9,# 166,1 3/8
3 3/8 X 7 5/8  DIA,25 x 38,11,# 166,1 3/8
3 3/8 X 7 5/8  DIA,28 x 40,13,# 166,1 3/8
,,,,
,,,,
3 3/8 X 7 5/8  DIA,11 x 17,2,# 177,1 7/16
3 3/8 X 7 5/8  DIA,17 1/2 x 22 1/2,4,# 177,1 7/16
3 3/8 X 7 5/8  DIA,19 x 25,5,# 177,1 7/16
3 3/8 X 7 5/8  DIA,23 x 29,6,# 177,1 7/16
3 3/8 X 7 5/8  DIA,23 x 35,9,# 177,1 7/16
3 3/8 X 7 5/8  DIA,25 x 38,11,# 177,1 7/16
3 3/8 X 7 5/8  DIA,28 x 40,13,# 177,1 7/16
,,,,
,,,,
3 3/8 X 7 3/4  DIA,11 x 17,2,# 267,1 1/2
3 3/8 X 7 3/4  DIA,17 1/2 x 22 1/2,4,# 267,1 1/2
3 3/8 X 7 3/4  DIA,19 x 25,5,# 267,1 1/2
3 3/8 X 7 3/4  DIA,23 x 29,6,# 267,1 1/2
3 3/8 X 7 3/4  DIA,23 x 35,9,# 267,1 1/2
3 3/8 X 7 3/4  DIA,25 x 38,11,# 267,1 1/2
3 3/8 X 7 3/4  DIA,28 x 40,13,# 267,1 1/2
,,,,
,,,,
3 1/2 X 4 3/4  DIA,11 x 17,2,# 76,2 3/16
3 1/2 X 4 3/4  DIA,17 1/2 x 22 1/2,6,# 76,2 3/16
3 1/2 X 4 3/4  DIA,19 x 25,7,# 76,2 3/16
3 1/2 X 4 3/4  DIA,23 x 29,12,# 76,2 3/16
3 1/2 X 4 3/4  DIA,23 x 35,15,# 76,2 3/16
3 1/2 X 4 3/4  DIA,25 x 38,16,# 76,2 3/16
3 1/2 X 4 3/4  DIA,28 x 40,24,# 76,2 3/16
,,,,
,,,,
3 1/2 X 5 5/8  DIA,11 x 17,2,# 276,1 3/8
3 1/2 X 5 5/8  DIA,17 1/2 x 22 1/2,6,# 276,1 3/8
3 1/2 X 5 5/8  DIA,19 x 25,7,# 276,1 3/8
3 1/2 X 5 5/8  DIA,23 x 29,10,# 276,1 3/8
3 1/2 X 5 5/8  DIA,23 x 35,13,# 276,1 3/8
3 1/2 X 5 5/8  DIA,25 x 38,15,# 276,1 3/8
3 1/2 X 5 5/8  DIA,28 x 40,18,# 276,1 3/8
,,,,
,,,,
#6 1/4 - 3 1/2 X 6 - DIA,11 x 17,2,# 1,1 7/16
#6 1/4 - 3 1/2 X 6 - DIA,17 1/2 x 22 1/2,6,# 1,1 7/16
#6 1/4 - 3 1/2 X 6 - DIA,19 x 25,7,# 1,1 7/16
#6 1/4 - 3 1/2 X 6 - DIA,23 x 29,10,# 1,1 7/16
#6 1/4 - 3 1/2 X 6 - DIA,23 x 35,13,# 1,1 7/16
#6 1/4 - 3 1/2 X 6 - DIA,25 x 38,15,# 1,1 7/16
#6 1/4 - 3 1/2 X 6 - DIA,28 x 40,18,# 1,1 7/16
,,,,
,,,,
#6 1/4 - 3 1/2 X 6 - DIA,11 x 17,2,# 9,1 1/2
#6 1/4 - 3 1/2 X 6 - DIA,17 1/2 x 22 1/2,4,# 9,1 1/2
#6 1/4 - 3 1/2 X 6 - DIA,19 x 25,7,# 9,1 1/2
#6 1/4 - 3 1/2 X 6 - DIA,23 x 29,10,# 9,1 1/2
#6 1/4 - 3 1/2 X 6 - DIA,23 x 35,12,# 9,1 1/2
#6 1/4 - 3 1/2 X 6 - DIA,25 x 38,14,# 9,1 1/2
#6 1/4 - 3 1/2 X 6 - DIA,28 x 40,16,# 9,1 1/2
,,,,
,,,,
3 1/2 X 6 1/2  DIA,11 x 17,2,# 173,1 1/2
3 1/2 X 6 1/2  DIA,17 1/2 x 22 1/2,5,# 173,1 1/2
3 1/2 X 6 1/2  DIA,19 x 25,6,# 173,1 1/2
3 1/2 X 6 1/2  DIA,23 x 29,7,# 173,1 1/2
3 1/2 X 6 1/2  DIA,23 x 35,12,# 173,1 1/2
3 1/2 X 6 1/2  DIA,25 x 38,13,# 173,1 1/2
3 1/2 X 6 1/2  DIA,28 x 40,16,# 173,1 1/2
,,,,
,,,,
3 1/2 X 6 3/4  DIA,11 x 17,2,# 153,1 1/2
3 1/2 X 6 3/4  DIA,17 1/2 x 22 1/2,5,# 153,1 1/2
3 1/2 X 6 3/4  DIA,19 x 25,6,# 153,1 1/2
3 1/2 X 6 3/4  DIA,23 x 29,7,# 153,1 1/2
3 1/2 X 6 3/4  DIA,23 x 35,11,# 153,1 1/2
3 1/2 X 6 3/4  DIA,25 x 38,14,# 153,1 1/2
3 1/2 X 6 3/4  DIA,28 x 40,16,# 153,1 1/2
,,,,
,,,,
3 1/2 X 7  DIA,11 x 17,2,# 161,1 9/16
3 1/2 X 7  DIA,17 1/2 x 22 1/2,5,# 161,1 9/16
3 1/2 X 7  DIA,19 x 25,6,# 161,1 9/16
3 1/2 X 7  DIA,23 x 29,7,# 161,1 9/16
3 1/2 X 7  DIA,23 x 35,10,# 161,1 9/16
3 1/2 X 7  DIA,25 x 38,12,# 161,1 9/16
3 1/2 X 7  DIA,28 x 40,15,# 161,1 9/16
,,,,
,,,,
3 1/2 X 7 1/4  DIA,11 x 17,2,# 163,1 3/4
3 1/2 X 7 1/4  DIA,17 1/2 x 22 1/2,4,# 163,1 3/4
3 1/2 X 7 1/4  DIA,19 x 25,6,# 163,1 3/4
3 1/2 X 7 1/4  DIA,23 x 29,7,# 163,1 3/4
3 1/2 X 7 1/4  DIA,23 x 35,10,# 163,1 3/4
3 1/2 X 7 1/4  DIA,25 x 38,12,# 163,1 3/4
3 1/2 X 7 1/4  DIA,28 x 40,15,# 163,1 3/4
,,,,
,,,,
3 1/2 X 7 1/2  DIA,11 x 17,2,# 2,1  11/16
3 1/2 X 7 1/2  DIA,17 1/2 x 22 1/2,4,# 2,1  11/16
3 1/2 X 7 1/2  DIA,19 x 25,5,# 2,1  11/16
3 1/2 X 7 1/2  DIA,23 x 29,8,# 2,1  11/16
3 1/2 X 7 1/2  DIA,23 x 35,9,# 2,1  11/16
3 1/2 X 7 1/2  DIA,25 x 38,12,# 2,1  11/16
3 1/2 X 7 1/2  DIA,28 x 40,14,# 2,1  11/16
,,,,
,,,,
3 1/2 X 7 1/2  DIA,11 x 17,2,# 264,1 9/16
3 1/2 X 7 1/2  DIA,17 1/2 x 22 1/2,4,# 264,1 9/16
3 1/2 X 7 1/2  DIA,19 x 25,5,# 264,1 9/16
3 1/2 X 7 1/2  DIA,23 x 29,8,# 264,1 9/16
3 1/2 X 7 1/2  DIA,23 x 35,9,# 264,1 9/16
3 1/2 X 7 1/2  DIA,25 x 38,12,# 264,1 9/16
3 1/2 X 7 1/2  DIA,28 x 40,14,# 264,1 9/16
,,,,
,,,,
3 1/2 X 7 5/8  DIA,11 x 17,2,# 2,1 5/8
3 1/2 X 7 5/8  DIA,17 1/2 x 22 1/2,4,# 2,1 5/8
3 1/2 X 7 5/8  DIA,19 x 25,5,# 2,1 5/8
3 1/2 X 7 5/8  DIA,23 x 29,7,# 2,1 5/8
3 1/2 X 7 5/8  DIA,23 x 35,9,# 2,1 5/8
3 1/2 X 7 5/8  DIA,25 x 38,11,# 2,1 5/8
3 1/2 X 7 5/8  DIA,28 x 40,13,# 2,1 5/8
,,,,
,,,,
3 1/2 X 7 5/8  DIA,11 x 17,2,# 165,1 3/8
3 1/2 X 7 5/8  DIA,17 1/2 x 22 1/2,4,# 165,1 3/8
3 1/2 X 7 5/8  DIA,19 x 25,5,# 165,1 3/8
3 1/2 X 7 5/8  DIA,23 x 29,7,# 165,1 3/8
3 1/2 X 7 5/8  DIA,23 x 35,9,# 165,1 3/8
3 1/2 X 7 5/8  DIA,25 x 38,11,# 165,1 3/8
3 1/2 X 7 5/8  DIA,28 x 40,13,# 165,1 3/8
,,,,
,,,,
3 1/2 X 7 3/4  DIA,11 x 17,2,# 167,1 1/2
3 1/2 X 7 3/4  DIA,17 1/2 x 22 1/2,4,# 167,1 1/2
3 1/2 X 7 3/4  DIA,19 x 25,5,# 167,1 1/2
3 1/2 X 7 3/4  DIA,23 x 29,7,# 167,1 1/2
3 1/2 X 7 3/4  DIA,23 x 35,9,# 167,1 1/2
3 1/2 X 7 3/4  DIA,25 x 38,11,# 167,1 1/2
3 1/2 X 7 3/4  DIA,28 x 40,13,# 167,1 1/2
,,,,
,,,,
3 1/2 X 8  DIA,11 x 17,2,# 171,1 9/16
3 1/2 X 8  DIA,17 1/2 x 22 1/2,4,# 171,1 9/16
3 1/2 X 8  DIA,19 x 25,5,# 171,1 9/16
3 1/2 X 8  DIA,23 x 29,7,# 171,1 9/16
3 1/2 X 8  DIA,23 x 35,9,# 171,1 9/16
3 1/2 X 8  DIA,25 x 38,10,# 171,1 9/16
3 1/2 X 8  DIA,28 x 40,13,# 171,1 9/16
,,,,
,,,,
3 1/2 X 8 7/8  DIA,11 x 17,2,# 19,1 3/4
3 1/2 X 8 7/8  DIA,17 1/2 x 22 1/2,4,# 19,1 3/4
3 1/2 X 8 7/8  DIA,19 x 25,4,# 19,1 3/4
3 1/2 X 8 7/8  DIA,23 x 29,6,# 19,1 3/4
3 1/2 X 8 7/8  DIA,23 x 35,8,# 19,1 3/4
3 1/2 X 8 7/8  DIA,25 x 38,9,# 19,1 3/4
3 1/2 X 8 7/8  DIA,28 x 40,12,# 19,1 3/4
,,,,
,,,,
3 9/16 X 6 1/4  DIA,11 x 17,2,# 260,1 5/8
3 9/16 X 6 1/4  DIA,17 1/2 x 22 1/2,5,# 260,1 5/8
3 9/16 X 6 1/4  DIA,19 x 25,6,# 260,1 5/8
3 9/16 X 6 1/4  DIA,23 x 29,10,# 260,1 5/8
3 9/16 X 6 1/4  DIA,23 x 35,11,# 260,1 5/8
3 9/16 X 6 1/4  DIA,25 x 38,13,# 260,1 5/8
3 9/16 X 6 1/4  DIA,28 x 40,16,# 260,1 5/8
,,,,
,,,,
3 9/16 X 6 1/4  DIA,11 x 17,2,# 256,1 1/2
3 9/16 X 6 1/4  DIA,17 1/2 x 22 1/2,5,# 256,1 1/2
3 9/16 X 6 1/4  DIA,19 x 25,6,# 256,1 1/2
3 9/16 X 6 1/4  DIA,23 x 29,10,# 256,1 1/2
3 9/16 X 6 1/4  DIA,23 x 35,11,# 256,1 1/2
3 9/16 X 6 1/4  DIA,25 x 38,13,# 256,1 1/2
3 9/16 X 6 1/4  DIA,28 x 40,16,# 256,1 1/2
,,,,
,,,,
3 9/16 X 6 1/4  DIA,11 x 17,2,# 262,1 1/2
3 9/16 X 6 1/4  DIA,17 1/2 x 22 1/2,5,# 262,1 1/2
3 9/16 X 6 1/4  DIA,19 x 25,6,# 262,1 1/2
3 9/16 X 6 1/4  DIA,23 x 29,10,# 262,1 1/2
3 9/16 X 6 1/4  DIA,23 x 35,11,# 262,1 1/2
3 9/16 X 6 1/4  DIA,25 x 38,13,# 262,1 1/2
3 9/16 X 6 1/4  DIA,28 x 40,16,# 262,1 1/2
,,,,
,,,,
3 9/16 X 6 1/4  DIA,11 x 17,2,# 263,1 1/2
3 9/16 X 6 1/4  DIA,17 1/2 x 22 1/2,5,# 263,1 1/2
3 9/16 X 6 1/4  DIA,19 x 25,6,# 263,1 1/2
3 9/16 X 6 1/4  DIA,23 x 29,10,# 263,1 1/2
3 9/16 X 6 1/4  DIA,23 x 35,11,# 263,1 1/2
3 9/16 X 6 1/4  DIA,25 x 38,13,# 263,1 1/2
3 9/16 X 6 1/4  DIA,28 x 40,16,# 263,1 1/2
,,,,
,,,,
3 5/8 X 5 1/8  DIA,11 x 17,2,# 115,2 1/16
3 5/8 X 5 1/8  DIA,17 1/2 x 22 1/2,5,# 115,2 1/16
3 5/8 X 5 1/8  DIA,19 x 25,6,# 115,2 1/16
3 5/8 X 5 1/8  DIA,23 x 29,10,# 115,2 1/16
3 5/8 X 5 1/8  DIA,23 x 35,15,# 115,2 1/16
3 5/8 X 5 1/8  DIA,25 x 38,15,# 115,2 1/16
3 5/8 X 5 1/8  DIA,28 x 40,20,# 115,2 1/16
,,,,
,,,,
3 5/8 X 6 1/4  DIA,11 x 17,2,# 154,1 1/2
3 5/8 X 6 1/4  DIA,17 1/2 x 22 1/2,5,# 154,1 1/2
3 5/8 X 6 1/4  DIA,19 x 25,6,# 154,1 1/2
3 5/8 X 6 1/4  DIA,23 x 29,10,# 154,1 1/2
3 5/8 X 6 1/4  DIA,23 x 35,12,# 154,1 1/2
3 5/8 X 6 1/4  DIA,25 x 38,15,# 154,1 1/2
3 5/8 X 6 1/4  DIA,28 x 40,16,# 154,1 1/2
,,,,
,,,,
#6 3/4 - 3 5/8 X 6 1/2  DIA,11 x 17,2,# 3,1 1/2
#6 3/4 - 3 5/8 X 6 1/2  DIA,17 1/2 x 22 1/2,5,# 3,1 1/2
#6 3/4 - 3 5/8 X 6 1/2  DIA,19 x 25,6,# 3,1 1/2
#6 3/4 - 3 5/8 X 6 1/2  DIA,23 x 29,9,# 3,1 1/2
#6 3/4 - 3 5/8 X 6 1/2  DIA,23 x 35,11,# 3,1 1/2
#6 3/4 - 3 5/8 X 6 1/2  DIA,25 x 38,13,# 3,1 1/2
#6 3/4 - 3 5/8 X 6 1/2  DIA,28 x 40,16,# 3,1 1/2
,,,,
,,,,
#6 3/4 - 3 5/8 X 6 1/2  DIA,11 x 17,2,# 165,1 5/8
#6 3/4 - 3 5/8 X 6 1/2  DIA,17 1/2 x 22 1/2,5,# 165,1 5/8
#6 3/4 - 3 5/8 X 6 1/2  DIA,19 x 25,6,# 165,1 5/8
#6 3/4 - 3 5/8 X 6 1/2  DIA,23 x 29,9,# 165,1 5/8
#6 3/4 - 3 5/8 X 6 1/2  DIA,23 x 35,11,# 165,1 5/8
#6 3/4 - 3 5/8 X 6 1/2  DIA,25 x 38,13,# 165,1 5/8
#6 3/4 - 3 5/8 X 6 1/2  DIA,28 x 40,16,# 165,1 5/8
,,,,
,,,,
#6 3/4 - 3 5/8 X 6 1/2  DIA,11 x 17,2,# 166,1 1/2
#6 3/4 - 3 5/8 X 6 1/2  DIA,17 1/2 x 22 1/2,5,# 166,1 1/2
#6 3/4 - 3 5/8 X 6 1/2  DIA,19 x 25,6,# 166,1 1/2
#6 3/4 - 3 5/8 X 6 1/2  DIA,23 x 29,9,# 166,1 1/2
#6 3/4 - 3 5/8 X 6 1/2  DIA,23 x 35,11,# 166,1 1/2
#6 3/4 - 3 5/8 X 6 1/2  DIA,25 x 38,13,# 166,1 1/2
#6 3/4 - 3 5/8 X 6 1/2  DIA,28 x 40,16,# 166,1 1/2
,,,,
,,,,
#6 3/4 - 3 5/8 X 6 1/2  DIA,11 x 17,2,# 174,1 9/16
#6 3/4 - 3 5/8 X 6 1/2  DIA,17 1/2 x 22 1/2,5,# 174,1 9/16
#6 3/4 - 3 5/8 X 6 1/2  DIA,19 x 25,6,# 174,1 9/16
#6 3/4 - 3 5/8 X 6 1/2  DIA,23 x 29,9,# 174,1 9/16
#6 3/4 - 3 5/8 X 6 1/2  DIA,23 x 35,11,# 174,1 9/16
#6 3/4 - 3 5/8 X 6 1/2  DIA,25 x 38,13,# 174,1 9/16
#6 3/4 - 3 5/8 X 6 1/2  DIA,28 x 40,15,# 174,1 9/16
,,,,
,,,,
#6 3/4 - 3 5/8 X 6 1/2  DIA,11 x 17,2,# 255,1 3/8
#6 3/4 - 3 5/8 X 6 1/2  DIA,17 1/2 x 22 1/2,5,# 255,1 3/8
#6 3/4 - 3 5/8 X 6 1/2  DIA,19 x 25,6,# 255,1 3/8
#6 3/4 - 3 5/8 X 6 1/2  DIA,23 x 29,9,# 255,1 3/8
#6 3/4 - 3 5/8 X 6 1/2  DIA,23 x 35,11,# 255,1 3/8
#6 3/4 - 3 5/8 X 6 1/2  DIA,25 x 38,12,# 255,1 3/8
#6 3/4 - 3 5/8 X 6 1/2  DIA,28 x 40,15,# 255,1 3/8
,,,,
,,,,
#6 3/4 - 3 5/8 X 6 1/2  DIA,11 x 17,2,# 252,1 1/4
#6 3/4 - 3 5/8 X 6 1/2  DIA,17 1/2 x 22 1/2,5,# 252,1 1/4
#6 3/4 - 3 5/8 X 6 1/2  DIA,19 x 25,6,# 252,1 1/4
#6 3/4 - 3 5/8 X 6 1/2  DIA,23 x 29,9,# 252,1 1/4
#6 3/4 - 3 5/8 X 6 1/2  DIA,23 x 35,11,# 252,1 1/4
#6 3/4 - 3 5/8 X 6 1/2  DIA,25 x 38,12,# 252,1 1/4
#6 3/4 - 3 5/8 X 6 1/2  DIA,28 x 40,15,# 252,1 1/4
,,,,
,,,,
3 5/8 X 7  DIA,11 x 17,2,# 4,1 5/8
3 5/8 X 7  DIA,17 1/2 x 22 1/2,4,# 4,1 5/8
3 5/8 X 7  DIA,19 x 25,6,# 4,1 5/8
3 5/8 X 7  DIA,23 x 29,8,# 4,1 5/8
3 5/8 X 7  DIA,23 x 35,10,# 4,1 5/8
3 5/8 X 7  DIA,25 x 38,12,# 4,1 5/8
3 5/8 X 7  DIA,28 x 40,15,# 4,1 5/8
,,,,
,,,,
3 5/8 X 7  DIA,11 x 17,2,# 346,2 3/16
3 5/8 X 7  DIA,17 1/2 x 22 1/2,4,# 346,2 3/16
3 5/8 X 7  DIA,19 x 25,4,# 346,2 3/16
3 5/8 X 7  DIA,23 x 29,6,# 346,2 3/16
3 5/8 X 7  DIA,23 x 35,8,# 346,2 3/16
3 5/8 X 7  DIA,25 x 38,12,# 346,2 3/16
3 5/8 X 7  DIA,28 x 40,12,# 346,2 3/16
,,,,
,,,,
3 5/8 X 7 1/4  DIA,11 x 17,2,# 39,1 1/2
3 5/8 X 7 1/4  DIA,17 1/2 x 22 1/2,4,# 39,1 1/2
3 5/8 X 7 1/4  DIA,19 x 25,5,# 39,1 1/2
3 5/8 X 7 1/4  DIA,23 x 29,8,# 39,1 1/2
3 5/8 X 7 1/4  DIA,23 x 35,9,# 39,1 1/2
3 5/8 X 7 1/4  DIA,25 x 38,11,# 39,1 1/2
3 5/8 X 7 1/4  DIA,28 x 40,12,# 39,1 1/2
,,,,
,,,,
3 5/8 X 7 1/2  DIA,11 x 17,2,# 268,1 5/8
3 5/8 X 7 1/2  DIA,17 1/2 x 22 1/2,4,# 268,1 5/8
3 5/8 X 7 1/2  DIA,19 x 25,5,# 268,1 5/8
3 5/8 X 7 1/2  DIA,23 x 29,7,# 268,1 5/8
3 5/8 X 7 1/2  DIA,23 x 35,9,# 268,1 5/8
3 5/8 X 7 1/2  DIA,25 x 38,11,# 268,1 5/8
3 5/8 X 7 1/2  DIA,28 x 40,12,# 268,1 5/8
,,,,
,,,,
3 5/8 X 7 5/8  DIA,11 x 17,2,# 172,1  11/16
3 5/8 X 7 5/8  DIA,17 1/2 x 22 1/2,4,# 172,1  11/16
3 5/8 X 7 5/8  DIA,19 x 25,5,# 172,1  11/16
3 5/8 X 7 5/8  DIA,23 x 29,7,# 172,1  11/16
3 5/8 X 7 5/8  DIA,23 x 35,9,# 172,1  11/16
3 5/8 X 7 5/8  DIA,25 x 38,11,# 172,1  11/16
3 5/8 X 7 5/8  DIA,28 x 40,12,# 172,1  11/16
,,,,
,,,,
3 5/8 X 7 3/4  DIA,11 x 17,2,# 37,1 5/8
3 5/8 X 7 3/4  DIA,17 1/2 x 22 1/2,4,# 37,1 5/8
3 5/8 X 7 3/4  DIA,19 x 25,5,# 37,1 5/8
3 5/8 X 7 3/4  DIA,23 x 29,7,# 37,1 5/8
3 5/8 X 7 3/4  DIA,23 x 35,9,# 37,1 5/8
3 5/8 X 7 3/4  DIA,25 x 38,10,# 37,1 5/8
3 5/8 X 7 3/4  DIA,28 x 40,12,# 37,1 5/8
,,,,
,,,,
3 5/8 X 7 7/8  DIA,11 x 17,2,# 168,1 3/4
3 5/8 X 7 7/8  DIA,17 1/2 x 22 1/2,4,# 168,1 3/4
3 5/8 X 7 7/8  DIA,19 x 25,5,# 168,1 3/4
3 5/8 X 7 7/8  DIA,23 x 29,7,# 168,1 3/4
3 5/8 X 7 7/8  DIA,23 x 35,9,# 168,1 3/4
3 5/8 X 7 7/8  DIA,25 x 38,10,# 168,1 3/4
3 5/8 X 7 7/8  DIA,28 x 40,12,# 168,1 3/4
,,,,
,,,,
3 5/8 X 8  DIA,11 x 17,2,# 179,1 5/8
3 5/8 X 8  DIA,17 1/2 x 22 1/2,4,# 179,1 5/8
3 5/8 X 8  DIA,19 x 25,5,# 179,1 5/8
3 5/8 X 8  DIA,23 x 29,7,# 179,1 5/8
3 5/8 X 8  DIA,23 x 35,9,# 179,1 5/8
3 5/8 X 8  DIA,25 x 38,10,# 179,1 5/8
3 5/8 X 8  DIA,28 x 40,12,# 179,1 5/8
,,,,
,,,,
3 5/8 X 8 1/4  DIA,11 x 17,2,# 210,1 5/8
3 5/8 X 8 1/4  DIA,17 1/2 x 22 1/2,4,# 210,1 5/8
3 5/8 X 8 1/4  DIA,19 x 25,5,# 210,1 5/8
3 5/8 X 8 1/4  DIA,23 x 29,7,# 210,1 5/8
3 5/8 X 8 1/4  DIA,23 x 35,8,# 210,1 5/8
3 5/8 X 8 1/4  DIA,25 x 38,8,# 210,1 5/8
3 5/8 X 8 1/4  DIA,28 x 40,12,# 210,1 5/8
,,,,
,,,,
#8 5/8 - 3 5/8 X 8 5/8  DIA,11 x 17,2,# 5,1 1/2
#8 5/8 - 3 5/8 X 8 5/8  DIA,17 1/2 x 22 1/2,3,# 5,1 1/2
#8 5/8 - 3 5/8 X 8 5/8  DIA,19 x 25,4,# 5,1 1/2
#8 5/8 - 3 5/8 X 8 5/8  DIA,23 x 29,7,# 5,1 1/2
#8 5/8 - 3 5/8 X 8 5/8  DIA,23 x 35,8,# 5,1 1/2
#8 5/8 - 3 5/8 X 8 5/8  DIA,25 x 38,9,# 5,1 1/2
#8 5/8 - 3 5/8 X 8 5/8  DIA,28 x 40,12,# 5,1 1/2
,,,,
,,,,
#8 5/8 - 3 5/8 X 8 5/8  DIA,11 x 17,2,# 169,1 1/2
#8 5/8 - 3 5/8 X 8 5/8  DIA,17 1/2 x 22 1/2,3,# 169,1 1/2
#8 5/8 - 3 5/8 X 8 5/8  DIA,19 x 25,4,# 169,1 1/2
#8 5/8 - 3 5/8 X 8 5/8  DIA,23 x 29,7,# 169,1 1/2
#8 5/8 - 3 5/8 X 8 5/8  DIA,23 x 35,8,# 169,1 1/2
#8 5/8 - 3 5/8 X 8 5/8  DIA,25 x 38,9,# 169,1 1/2
#8 5/8 - 3 5/8 X 8 5/8  DIA,28 x 40,12,# 169,1 1/2
,,,,
,,,,
#8 5/8 - 3 5/8 X 8 5/8  DIA,11 x 17,1,# 251,1  11/16
#8 5/8 - 3 5/8 X 8 5/8  DIA,17 1/2 x 22 1/2,3,# 251,1  11/16
#8 5/8 - 3 5/8 X 8 5/8  DIA,19 x 25,4,# 251,1  11/16
#8 5/8 - 3 5/8 X 8 5/8  DIA,23 x 29,6,# 251,1  11/16
#8 5/8 - 3 5/8 X 8 5/8  DIA,23 x 35,8,# 251,1  11/16
#8 5/8 - 3 5/8 X 8 5/8  DIA,25 x 38,9,# 251,1  11/16
#8 5/8 - 3 5/8 X 8 5/8  DIA,28 x 40,11,# 251,1  11/16
,,,,
,,,,
3 5/8 X 8 3/4  DIA,11 x 17,1,# 282,1  15/16
3 5/8 X 8 3/4  DIA,17 1/2 x 22 1/2,3,# 282,1  15/16
3 5/8 X 8 3/4  DIA,19 x 25,4,# 282,1  15/16
3 5/8 X 8 3/4  DIA,23 x 29,6,# 282,1  15/16
3 5/8 X 8 3/4  DIA,23 x 35,8,# 282,1  15/16
3 5/8 X 8 3/4  DIA,25 x 38,9,# 282,1  15/16
3 5/8 X 8 3/4  DIA,28 x 40,11,# 282,1  15/16
,,,,
,,,,
3 5/8 X 9  DIA,11 x 17,1,# 289,1 7/8
3 5/8 X 9  DIA,17 1/2 x 22 1/2,3,# 289,1 7/8
3 5/8 X 9  DIA,19 x 25,4,# 289,1 7/8
3 5/8 X 9  DIA,23 x 29,6,# 289,1 7/8
3 5/8 X 9  DIA,23 x 35,8,# 289,1 7/8
3 5/8 X 9  DIA,25 x 38,8,# 289,1 7/8
3 5/8 X 9  DIA,28 x 40,10,# 289,1 7/8
,,,,
,,,,
3 3/4 X 5 1/8   DIA,11 x 17,2,# 157,1 7/8
3 3/4 X 5 1/8   DIA,17 1/2 x 22 1/2,6,# 157,1 7/8
3 3/4 X 5 1/8   DIA,19 x 25,7,# 157,1 7/8
3 3/4 X 5 1/8   DIA,23 x 29,11,# 157,1 7/8
3 3/4 X 5 1/8   DIA,23 x 35,13,# 157,1 7/8
3 3/4 X 5 1/8   DIA,25 x 38,15,# 157,1 7/8
3 3/4 X 5 1/8   DIA,28 x 40,18,# 157,1 7/8
,,,,
,,,,
3 3/4 X 6 1/16   DIA,11 x 17,2,# 158,1 9/16
3 3/4 X 6 1/16   DIA,17 1/2 x 22 1/2,5,# 158,1 9/16
3 3/4 X 6 1/16   DIA,19 x 25,6,# 158,1 9/16
3 3/4 X 6 1/16   DIA,23 x 29,9,# 158,1 9/16
3 3/4 X 6 1/16   DIA,23 x 35,11,# 158,1 9/16
3 3/4 X 6 1/16   DIA,25 x 38,13,# 158,1 9/16
3 3/4 X 6 1/16   DIA,28 x 40,16,# 158,1 9/16
,,,,
,,,,
3 3/4 X 6 1/4   DIA,11 x 17,2,# 155,1 1/2
3 3/4 X 6 1/4   DIA,17 1/2 x 22 1/2,5,# 155,1 1/2
3 3/4 X 6 1/4   DIA,19 x 25,6,# 155,1 1/2
3 3/4 X 6 1/4   DIA,23 x 29,9,# 155,1 1/2
3 3/4 X 6 1/4   DIA,23 x 35,11,# 155,1 1/2
3 3/4 X 6 1/4   DIA,25 x 38,13,# 155,1 1/2
3 3/4 X 6 1/4   DIA,28 x 40,16,# 155,1 1/2
,,,,
,,,,
3 3/4 X 6 1/2   DIA,11 x 17,2,# 18,1 1/2
3 3/4 X 6 1/2   DIA,17 1/2 x 22 1/2,5,# 18,1 1/2
3 3/4 X 6 1/2   DIA,19 x 25,6,# 18,1 1/2
3 3/4 X 6 1/2   DIA,23 x 29,9,# 18,1 1/2
3 3/4 X 6 1/2   DIA,23 x 35,11,# 18,1 1/2
3 3/4 X 6 1/2   DIA,25 x 38,13,# 18,1 1/2
3 3/4 X 6 1/2   DIA,28 x 40,16,# 18,1 1/2
,,,,
,,,,
#7 - 3 3/4 X 6 3/4   DIA,11 x 17,2,# 107,1 5/8
#7 - 3 3/4 X 6 3/4   DIA,17 1/2 x 22 1/2,5,# 107,1 5/8
#7 - 3 3/4 X 6 3/4   DIA,19 x 25,6,# 107,1 5/8
#7 - 3 3/4 X 6 3/4   DIA,23 x 29,8,# 107,1 5/8
#7 - 3 3/4 X 6 3/4   DIA,23 x 35,10,# 107,1 5/8
#7 - 3 3/4 X 6 3/4   DIA,25 x 38,12,# 107,1 5/8
#7 - 3 3/4 X 6 3/4   DIA,28 x 40,15,# 107,1 5/8
,,,,
,,,,
#7 - 3 3/4 X 6 3/4   DIA,11 x 17,2,# 275,1  11/16
#7 - 3 3/4 X 6 3/4   DIA,17 1/2 x 22 1/2,4,# 275,1  11/16
#7 - 3 3/4 X 6 3/4   DIA,19 x 25,6,# 275,1  11/16
#7 - 3 3/4 X 6 3/4   DIA,23 x 29,8,# 275,1  11/16
#7 - 3 3/4 X 6 3/4   DIA,23 x 35,10,# 275,1  11/16
#7 - 3 3/4 X 6 3/4   DIA,25 x 38,12,# 275,1  11/16
#7 - 3 3/4 X 6 3/4   DIA,28 x 40,15,# 275,1  11/16
,,,,
,,,,
#7 - 3 3/4 X 6 3/4   DIA,11 x 17,2,# 253,1 5/8
#7 - 3 3/4 X 6 3/4   DIA,17 1/2 x 22 1/2,4,# 253,1 5/8
#7 - 3 3/4 X 6 3/4   DIA,19 x 25,6,# 253,1 5/8
#7 - 3 3/4 X 6 3/4   DIA,23 x 29,8,# 253,1 5/8
#7 - 3 3/4 X 6 3/4   DIA,23 x 35,9,# 253,1 5/8
#7 - 3 3/4 X 6 3/4   DIA,25 x 38,12,# 253,1 5/8
#7 - 3 3/4 X 6 3/4   DIA,28 x 40,13,# 253,1 5/8
,,,,
,,,,
3 3/4 X 7   DIA,11 x 17,2,# 170,1 3/4
3 3/4 X 7   DIA,17 1/2 x 22 1/2,4,# 170,1 3/4
3 3/4 X 7   DIA,19 x 25,5,# 170,1 3/4
3 3/4 X 7   DIA,23 x 29,7,# 170,1 3/4
3 3/4 X 7   DIA,23 x 35,9,# 170,1 3/4
3 3/4 X 7   DIA,25 x 38,11,# 170,1 3/4
3 3/4 X 7   DIA,28 x 40,13,# 170,1 3/4
,,,,
,,,,
3 3/4 X 7 1/8   DIA,11 x 17,2,# 2,1 3/8
3 3/4 X 7 1/8   DIA,17 1/2 x 22 1/2,4,# 2,1 3/8
3 3/4 X 7 1/8   DIA,19 x 25,5,# 2,1 3/8
3 3/4 X 7 1/8   DIA,23 x 29,7,# 2,1 3/8
3 3/4 X 7 1/8   DIA,23 x 35,9,# 2,1 3/8
3 3/4 X 7 1/8   DIA,25 x 38,11,# 2,1 3/8
3 3/4 X 7 1/8   DIA,28 x 40,13,# 2,1 3/8
,,,,
,,,,
3 3/4 X 7 1/4   DIA,11 x 17,2,# 164,1 5/8
3 3/4 X 7 1/4   DIA,17 1/2 x 22 1/2,4,# 164,1 5/8
3 3/4 X 7 1/4   DIA,19 x 25,5,# 164,1 5/8
3 3/4 X 7 1/4   DIA,23 x 29,7,# 164,1 5/8
3 3/4 X 7 1/4   DIA,23 x 35,9,# 164,1 5/8
3 3/4 X 7 1/4   DIA,25 x 38,11,# 164,1 5/8
3 3/4 X 7 1/4   DIA,28 x 40,13,# 164,1 5/8
,,,,
,,,,
3 3/4 X 7 3/8   DIA,11 x 17,2,# 38,1 7/8
3 3/4 X 7 3/8   DIA,17 1/2 x 22 1/2,4,# 38,1 7/8
3 3/4 X 7 3/8   DIA,19 x 25,5,# 38,1 7/8
3 3/4 X 7 3/8   DIA,23 x 29,7,# 38,1 7/8
3 3/4 X 7 3/8   DIA,23 x 35,9,# 38,1 7/8
3 3/4 X 7 3/8   DIA,25 x 38,10,# 38,1 7/8
3 3/4 X 7 3/8   DIA,28 x 40,12,# 38,1 7/8
,,,,
,,,,
3 3/4 X 7 1/2   DIA,11 x 17,2,# 269,1 3/4
3 3/4 X 7 1/2   DIA,17 1/2 x 22 1/2,4,# 269,1 3/4
3 3/4 X 7 1/2   DIA,19 x 25,5,# 269,1 3/4
3 3/4 X 7 1/2   DIA,23 x 29,7,# 269,1 3/4
3 3/4 X 7 1/2   DIA,23 x 35,9,# 269,1 3/4
3 3/4 X 7 1/2   DIA,25 x 38,10,# 269,1 3/4
3 3/4 X 7 1/2   DIA,28 x 40,12,# 269,1 3/4
,,,,
,,,,
3 3/4 X 7 5/8   DIA,11 x 17,2,# 256,1 13/16
3 3/4 X 7 5/8   DIA,17 1/2 x 22 1/2,4,# 256,1 13/16
3 3/4 X 7 5/8   DIA,19 x 25,5,# 256,1 13/16
3 3/4 X 7 5/8   DIA,23 x 29,7,# 256,1 13/16
3 3/4 X 7 5/8   DIA,23 x 35,9,# 256,1 13/16
3 3/4 X 7 5/8   DIA,25 x 38,10,# 256,1 13/16
3 3/4 X 7 5/8   DIA,28 x 40,12,# 256,1 13/16
,,,,
,,,,
3 3/4 X 7 3/4   DIA,11 x 17,2,# 278,1 7/8
3 3/4 X 7 3/4   DIA,17 1/2 x 22 1/2,4,# 278,1 7/8
3 3/4 X 7 3/4   DIA,19 x 25,4,# 278,1 7/8
3 3/4 X 7 3/4   DIA,23 x 29,7,# 278,1 7/8
3 3/4 X 7 3/4   DIA,23 x 35,8,# 278,1 7/8
3 3/4 X 7 3/4   DIA,25 x 38,9,# 278,1 7/8
3 3/4 X 7 3/4   DIA,28 x 40,12,# 278,1 7/8
,,,,
,,,,
3 3/4 X 8   DIA,11 x 17,2,# 186,1 5/8
3 3/4 X 8   DIA,17 1/2 x 22 1/2,4,# 186,1 5/8
3 3/4 X 8   DIA,19 x 25,4,# 186,1 5/8
3 3/4 X 8   DIA,23 x 29,7,# 186,1 5/8
3 3/4 X 8   DIA,23 x 35,8,# 186,1 5/8
3 3/4 X 8   DIA,25 x 38,9,# 186,1 5/8
3 3/4 X 8   DIA,28 x 40,12,# 186,1 5/8
,,,,
,,,,
3 3/4 X 8 1/8   DIA,11 x 17,2,# 254,1  11/16
3 3/4 X 8 1/8   DIA,17 1/2 x 22 1/2,4,# 254,1  11/16
3 3/4 X 8 1/8   DIA,19 x 25,4,# 254,1  11/16
3 3/4 X 8 1/8   DIA,23 x 29,6,# 254,1  11/16
3 3/4 X 8 1/8   DIA,23 x 35,8,# 254,1  11/16
3 3/4 X 8 1/8   DIA,25 x 38,9,# 254,1  11/16
3 3/4 X 8 1/8   DIA,28 x 40,12,# 254,1  11/16
,,,,
,,,,
3 7/8 X 6 7/8   DIA,11 x 17,2,# 344,2 1/4
3 7/8 X 6 7/8   DIA,17 1/2 x 22 1/2,4,# 344,2 1/4
3 7/8 X 6 7/8   DIA,19 x 25,4,# 344,2 1/4
3 7/8 X 6 7/8   DIA,23 x 29,6,# 344,2 1/4
3 7/8 X 6 7/8   DIA,23 x 35,8,# 344,2 1/4
3 7/8 X 6 7/8   DIA,25 x 38,9,# 344,2 1/4
3 7/8 X 6 7/8   DIA,28 x 40,12,# 344,2 1/4
,,,,
,,,,
3 7/8 X 7   DIA,11 x 17,2,# 4,1 5/8
3 7/8 X 7   DIA,17 1/2 x 22 1/2,4,# 4,1 5/8
3 7/8 X 7   DIA,19 x 25,5,# 4,1 5/8
3 7/8 X 7   DIA,23 x 29,7,# 4,1 5/8
3 7/8 X 7   DIA,23 x 35,9,# 4,1 5/8
3 7/8 X 7   DIA,25 x 38,11,# 4,1 5/8
3 7/8 X 7   DIA,28 x 40,13,# 4,1 5/8
,,,,
,,,,
3 7/8 X 7 1/8   DIA,11 x 17,2,# 6,1 1/2
3 7/8 X 7 1/8   DIA,17 1/2 x 22 1/2,4,# 6,1 1/2
3 7/8 X 7 1/8   DIA,19 x 25,5,# 6,1 1/2
3 7/8 X 7 1/8   DIA,23 x 29,7,# 6,1 1/2
3 7/8 X 7 1/8   DIA,23 x 35,9,# 6,1 1/2
3 7/8 X 7 1/8   DIA,25 x 38,11,# 6,1 1/2
3 7/8 X 7 1/8   DIA,28 x 40,13,# 6,1 1/2
,,,,
,,,,
#7 3/4  -  3 7/8 X 7 1/2   DIA,11 x 17,2,# 7,1  11/16
#7 3/4  -  3 7/8 X 7 1/2   DIA,17 1/2 x 22 1/2,4,# 7,1  11/16
#7 3/4  -  3 7/8 X 7 1/2   DIA,19 x 25,4,# 7,1  11/16
#7 3/4  -  3 7/8 X 7 1/2   DIA,23 x 29,5,# 7,1  11/16
#7 3/4  -  3 7/8 X 7 1/2   DIA,23 x 35,8,# 7,1  11/16
#7 3/4  -  3 7/8 X 7 1/2   DIA,25 x 38,9,# 7,1  11/16
#7 3/4  -  3 7/8 X 7 1/2   DIA,28 x 40,11,# 7,1  11/16
,,,,
,,,,
#7 3/4  -  3 7/8 X 7 1/2   DIA,11 x 17,2,# 345,1 7/8
#7 3/4  -  3 7/8 X 7 1/2   DIA,17 1/2 x 22 1/2,4,# 345,1 7/8
#7 3/4  -  3 7/8 X 7 1/2   DIA,19 x 25,4,# 345,1 7/8
#7 3/4  -  3 7/8 X 7 1/2   DIA,23 x 29,4,# 345,1 7/8
#7 3/4  -  3 7/8 X 7 1/2   DIA,23 x 35,8,# 345,1 7/8
#7 3/4  -  3 7/8 X 7 1/2   DIA,25 x 38,9,# 345,1 7/8
#7 3/4  -  3 7/8 X 7 1/2   DIA,28 x 40,11,# 345,1 7/8
,,,,
,,,,
#7 3/4  -  3 7/8 X 7 1/2   DIA,11 x 17,2,# 169,2 1/16
#7 3/4  -  3 7/8 X 7 1/2   DIA,17 1/2 x 22 1/2,4,# 169,2 1/16
#7 3/4  -  3 7/8 X 7 1/2   DIA,19 x 25,4,# 169,2 1/16
#7 3/4  -  3 7/8 X 7 1/2   DIA,23 x 29,4,# 169,2 1/16
#7 3/4  -  3 7/8 X 7 1/2   DIA,23 x 35,8,# 169,2 1/16
#7 3/4  -  3 7/8 X 7 1/2   DIA,25 x 38,9,# 169,2 1/16
#7 3/4  -  3 7/8 X 7 1/2   DIA,28 x 40,11,# 169,2 1/16
,,,,
,,,,
#7 3/4  -  3 7/8 X 7 1/2   DIA,11 x 17,2,# 266,1 3/4
#7 3/4  -  3 7/8 X 7 1/2   DIA,17 1/2 x 22 1/2,4,# 266,1 3/4
#7 3/4  -  3 7/8 X 7 1/2   DIA,19 x 25,5,# 266,1 3/4
#7 3/4  -  3 7/8 X 7 1/2   DIA,23 x 29,6,# 266,1 3/4
#7 3/4  -  3 7/8 X 7 1/2   DIA,23 x 35,8,# 266,1 3/4
#7 3/4  -  3 7/8 X 7 1/2   DIA,25 x 38,9,# 266,1 3/4
#7 3/4  -  3 7/8 X 7 1/2   DIA,28 x 40,11,# 266,1 3/4
,,,,
,,,,
#7 3/4  -  3 7/8 X 7 1/2   Mon,11 x 17,1,# 6,2 3/16
#7 3/4  -  3 7/8 X 7 1/2   Mon,17 1/2 x 22 1/2,4,# 6,2 3/16
#7 3/4  -  3 7/8 X 7 1/2   Mon,19 x 25,4,# 6,2 3/16
#7 3/4  -  3 7/8 X 7 1/2   Mon,23 x 29,5,# 6,2 3/16
#7 3/4  -  3 7/8 X 7 1/2   Mon,23 x 35,8,# 6,2 3/16
#7 3/4  -  3 7/8 X 7 1/2   Mon,25 x 38,9,# 6,2 3/16
#7 3/4  -  3 7/8 X 7 1/2   Mon,28 x 40,10,# 6,2 3/16
,,,,
,,,,
#7 3/4  -  3 7/8 X 7 1/2   Mon,11 x 17,1,# 257,2  13/16
#7 3/4  -  3 7/8 X 7 1/2   Mon,17 1/2 x 22 1/2,4,# 257,2  13/16
#7 3/4  -  3 7/8 X 7 1/2   Mon,19 x 25,4,# 257,2  13/16
#7 3/4  -  3 7/8 X 7 1/2   Mon,23 x 29,5,# 257,2  13/16
#7 3/4  -  3 7/8 X 7 1/2   Mon,23 x 35,8,# 257,2  13/16
#7 3/4  -  3 7/8 X 7 1/2   Mon,25 x 38,9,# 257,2  13/16
#7 3/4  -  3 7/8 X 7 1/2   Mon,28 x 40,10,# 257,2  13/16
,,,,
,,,,
3 7/8 X 7 3/4   DIA,11 x 17,2,# 8,1 1/2
3 7/8 X 7 3/4   DIA,17 1/2 x 22 1/2,4,# 8,1 1/2
3 7/8 X 7 3/4   DIA,19 x 25,5,# 8,1 1/2
3 7/8 X 7 3/4   DIA,23 x 29,7,# 8,1 1/2
3 7/8 X 7 3/4   DIA,23 x 35,9,# 8,1 1/2
3 7/8 X 7 3/4   DIA,25 x 38,10,# 8,1 1/2
3 7/8 X 7 3/4   DIA,28 x 40,13,# 8,1 1/2
,,,,
,,,,
3 7/8 X 7 7/8   DIA,11 x 17,2,# 180,1 9/16
3 7/8 X 7 7/8   DIA,17 1/2 x 22 1/2,4,# 180,1 9/16
3 7/8 X 7 7/8   DIA,19 x 25,4,# 180,1 9/16
3 7/8 X 7 7/8   DIA,23 x 29,7,# 180,1 9/16
3 7/8 X 7 7/8   DIA,23 x 35,8,# 180,1 9/16
3 7/8 X 7 7/8   DIA,25 x 38,10,# 180,1 9/16
3 7/8 X 7 7/8   DIA,28 x 40,12,# 180,1 9/16
,,,,
,,,,
3 7/8 X 7 7/8   DIA,11 x 17,2,# 290,1 5/8
3 7/8 X 7 7/8   DIA,17 1/2 x 22 1/2,4,# 290,1 5/8
3 7/8 X 7 7/8   DIA,19 x 25,4,# 290,1 5/8
3 7/8 X 7 7/8   DIA,23 x 29,7,# 290,1 5/8
3 7/8 X 7 7/8   DIA,23 x 35,8,# 290,1 5/8
3 7/8 X 7 7/8   DIA,25 x 38,10,# 290,1 5/8
3 7/8 X 7 7/8   DIA,28 x 40,12,# 290,1 5/8
,,,,
,,,,
3 7/8 X 7 7/8   DIA,11 x 17,2,# 36,1 3/4
3 7/8 X 7 7/8   DIA,17 1/2 x 22 1/2,4,# 36,1 3/4
3 7/8 X 7 7/8   DIA,19 x 25,4,# 36,1 3/4
3 7/8 X 7 7/8   DIA,23 x 29,7,# 36,1 3/4
3 7/8 X 7 7/8   DIA,23 x 35,8,# 36,1 3/4
3 7/8 X 7 7/8   DIA,25 x 38,10,# 36,1 3/4
3 7/8 X 7 7/8   DIA,28 x 40,12,# 36,1 3/4
,,,,
,,,,
3 7/8 X 8   DIA,11 x 17,2,# 176,1 1/2
3 7/8 X 8   DIA,17 1/2 x 22 1/2,4,# 176,1 1/2
3 7/8 X 8   DIA,19 x 25,4,# 176,1 1/2
3 7/8 X 8   DIA,23 x 29,7,# 176,1 1/2
3 7/8 X 8   DIA,23 x 35,8,# 176,1 1/2
3 7/8 X 8   DIA,25 x 38,9,# 176,1 1/2
3 7/8 X 8   DIA,28 x 40,11,# 176,1 1/2
,,,,
,,,,
3 7/8 X 8   DIA,11 x 17,2,# 270,1  11/16
3 7/8 X 8   DIA,17 1/2 x 22 1/2,4,# 270,1  11/16
3 7/8 X 8   DIA,19 x 25,4,# 270,1  11/16
3 7/8 X 8   DIA,23 x 29,6,# 270,1  11/16
3 7/8 X 8   DIA,23 x 35,8,# 270,1  11/16
3 7/8 X 8   DIA,25 x 38,9,# 270,1  11/16
3 7/8 X 8   DIA,28 x 40,11,# 270,1  11/16
,,,,
,,,,
3 7/8 X 8 5/8   DIA,11 x 17,1,# 15,1 5/8
3 7/8 X 8 5/8   DIA,17 1/2 x 22 1/2,4,# 15,1 5/8
3 7/8 X 8 5/8   DIA,19 x 25,4,# 15,1 5/8
3 7/8 X 8 5/8   DIA,23 x 29,5,# 15,1 5/8
3 7/8 X 8 5/8   DIA,23 x 35,8,# 15,1 5/8
3 7/8 X 8 5/8   DIA,25 x 38,9,# 15,1 5/8
3 7/8 X 8 5/8   DIA,28 x 40,11,# 15,1 5/8
,,,,
,,,,
3 7/8 X 8 3/4   DIA,11 x 17,1,# 185,1 3/4
3 7/8 X 8 3/4   DIA,17 1/2 x 22 1/2,4,# 185,1 3/4
3 7/8 X 8 3/4   DIA,19 x 25,4,# 185,1 3/4
3 7/8 X 8 3/4   DIA,23 x 29,5,# 185,1 3/4
3 7/8 X 8 3/4   DIA,23 x 35,8,# 185,1 3/4
3 7/8 X 8 3/4   DIA,25 x 38,9,# 185,1 3/4
3 7/8 X 8 3/4   DIA,28 x 40,10,# 185,1 3/4
,,,,
,,,,
#9  - 3 7/8 X 8 7/8   DIA,11 x 17,1,# 17,1 5/8
#9  - 3 7/8 X 8 7/8   DIA,17 1/2 x 22 1/2,3,# 17,1 5/8
#9  - 3 7/8 X 8 7/8   DIA,19 x 25,4,# 17,1 5/8
#9  - 3 7/8 X 8 7/8   DIA,23 x 29,6,# 17,1 5/8
#9  - 3 7/8 X 8 7/8   DIA,23 x 35,8,# 17,1 5/8
#9  - 3 7/8 X 8 7/8   DIA,25 x 38,9,# 17,1 5/8
#9  - 3 7/8 X 8 7/8   DIA,28 x 40,10,# 17,1 5/8
,,,,
,,,,
#9  - 3 7/8 X 8 7/8   DIA,11 x 17,1,# 175 & 176,1 3/4
#9  - 3 7/8 X 8 7/8   DIA,17 1/2 x 22 1/2,3,# 175 & 176,1 3/4
#9  - 3 7/8 X 8 7/8   DIA,19 x 25,4,# 175 & 176,1 3/4
#9  - 3 7/8 X 8 7/8   DIA,23 x 29,6,# 175 & 176,1 3/4
#9  - 3 7/8 X 8 7/8   DIA,23 x 35,8,# 175 & 176,1 3/4
#9  - 3 7/8 X 8 7/8   DIA,25 x 38,9,# 175 & 176,1 3/4
#9  - 3 7/8 X 8 7/8   DIA,28 x 40,10,# 175 & 176,1 3/4
,,,,
,,,,
#9  - 3 7/8 X 8 7/8   DIA,11 x 17,1,# 177,2 1/4
#9  - 3 7/8 X 8 7/8   DIA,17 1/2 x 22 1/2,3,# 177,2 1/4
#9  - 3 7/8 X 8 7/8   DIA,19 x 25,4,# 177,2 1/4
#9  - 3 7/8 X 8 7/8   DIA,23 x 29,6,# 177,2 1/4
#9  - 3 7/8 X 8 7/8   DIA,23 x 35,7,# 177,2 1/4
#9  - 3 7/8 X 8 7/8   DIA,25 x 38,8,# 177,2 1/4
#9  - 3 7/8 X 8 7/8   DIA,28 x 40,9,# 177,2 1/4
,,,,
,,,,
#9  - 3 7/8 X 8 7/8   DIA,11 x 17,1,# 178,2 3/8
#9  - 3 7/8 X 8 7/8   DIA,17 1/2 x 22 1/2,3,# 178,2 3/8
#9  - 3 7/8 X 8 7/8   DIA,19 x 25,4,# 178,2 3/8
#9  - 3 7/8 X 8 7/8   DIA,23 x 29,6,# 178,2 3/8
#9  - 3 7/8 X 8 7/8   DIA,23 x 35,7,# 178,2 3/8
#9  - 3 7/8 X 8 7/8   DIA,25 x 38,8,# 178,2 3/8
#9  - 3 7/8 X 8 7/8   DIA,28 x 40,9,# 178,2 3/8
,,,,
,,,,
#9  - 3 7/8 X 8 7/8   DIA,11 x 17,1,# 182,1 7/16
#9  - 3 7/8 X 8 7/8   DIA,17 1/2 x 22 1/2,3,# 182,1 7/16
#9  - 3 7/8 X 8 7/8   DIA,19 x 25,4,# 182,1 7/16
#9  - 3 7/8 X 8 7/8   DIA,23 x 29,6,# 182,1 7/16
#9  - 3 7/8 X 8 7/8   DIA,23 x 35,7,# 182,1 7/16
#9  - 3 7/8 X 8 7/8   DIA,25 x 38,8,# 182,1 7/16
#9  - 3 7/8 X 8 7/8   DIA,28 x 40,9,# 182,1 7/16
,,,,
,,,,
#9  - 3 7/8 X 8 7/8   DIA,11 x 17,1,# 16,1 3/4
#9  - 3 7/8 X 8 7/8   DIA,17 1/2 x 22 1/2,3,# 16,1 3/4
#9  - 3 7/8 X 8 7/8   DIA,19 x 25,4,# 16,1 3/4
#9  - 3 7/8 X 8 7/8   DIA,23 x 29,6,# 16,1 3/4
#9  - 3 7/8 X 8 7/8   DIA,23 x 35,7,# 16,1 3/4
#9  - 3 7/8 X 8 7/8   DIA,25 x 38,8,# 16,1 3/4
#9  - 3 7/8 X 8 7/8   DIA,28 x 40,9,# 16,1 3/4
,,,,
,,,,
#9  - 3 7/8 X 8 7/8   DIA,11 x 17,1,# 293,1 3/4
#9  - 3 7/8 X 8 7/8   DIA,17 1/2 x 22 1/2,3,# 293,1 3/4
#9  - 3 7/8 X 8 7/8   DIA,19 x 25,4,# 293,1 3/4
#9  - 3 7/8 X 8 7/8   DIA,23 x 29,6,# 293,1 3/4
#9  - 3 7/8 X 8 7/8   DIA,23 x 35,7,# 293,1 3/4
#9  - 3 7/8 X 8 7/8   DIA,25 x 38,8,# 293,1 3/4
#9  - 3 7/8 X 8 7/8   DIA,28 x 40,9,# 293,1 3/4
,,,,
,,,,
#9  - 3 7/8 X 8 7/8   DIA,11 x 17,1,# 292,1  13/16
#9  - 3 7/8 X 8 7/8   DIA,17 1/2 x 22 1/2,3,# 292,1  13/16
#9  - 3 7/8 X 8 7/8   DIA,19 x 25,4,# 292,1  13/16
#9  - 3 7/8 X 8 7/8   DIA,23 x 29,6,# 292,1  13/16
#9  - 3 7/8 X 8 7/8   DIA,23 x 35,7,# 292,1  13/16
#9  - 3 7/8 X 8 7/8   DIA,25 x 38,8,# 292,1  13/16
#9  - 3 7/8 X 8 7/8   DIA,28 x 40,9,# 292,1  13/16
,,,,
,,,,
#9  - 3 7/8 X 8 7/8   DIA,11 x 17,1,# 291,1  13/16
#9  - 3 7/8 X 8 7/8   DIA,17 1/2 x 22 1/2,3,# 291,1  13/16
#9  - 3 7/8 X 8 7/8   DIA,19 x 25,4,# 291,1  13/16
#9  - 3 7/8 X 8 7/8   DIA,23 x 29,5,# 291,1  13/16
#9  - 3 7/8 X 8 7/8   DIA,23 x 35,7,# 291,1  13/16
#9  - 3 7/8 X 8 7/8   DIA,25 x 38,8,# 291,1  13/16
#9  - 3 7/8 X 8 7/8   DIA,28 x 40,9,# 291,1  13/16
,,,,
,,,,
#9 1/2 - 3 7/8 X 9 1/8  DIA,11 x 17,1,# 24,1 3/4
#9 1/2 - 3 7/8 X 9 1/8  DIA,17 1/2 x 22 1/2,3,# 24,1 3/4
#9 1/2 - 3 7/8 X 9 1/8  DIA,19 x 25,4,# 24,1 3/4
#9 1/2 - 3 7/8 X 9 1/8  DIA,23 x 29,5,# 24,1 3/4
#9 1/2 - 3 7/8 X 9 1/8  DIA,23 x 35,7,# 24,1 3/4
#9 1/2 - 3 7/8 X 9 1/8  DIA,25 x 38,8,# 24,1 3/4
#9 1/2 - 3 7/8 X 9 1/8  DIA,28 x 40,9,# 24,1 3/4
,,,,
,,,,
#9 1/2 - 3 7/8 X 9 1/8  DIA,11 x 17,1,# 183,2 1/8
#9 1/2 - 3 7/8 X 9 1/8  DIA,17 1/2 x 22 1/2,3,# 183,2 1/8
#9 1/2 - 3 7/8 X 9 1/8  DIA,19 x 25,4,# 183,2 1/8
#9 1/2 - 3 7/8 X 9 1/8  DIA,23 x 29,5,# 183,2 1/8
#9 1/2 - 3 7/8 X 9 1/8  DIA,23 x 35,7,# 183,2 1/8
#9 1/2 - 3 7/8 X 9 1/8  DIA,25 x 38,8,# 183,2 1/8
#9 1/2 - 3 7/8 X 9 1/8  DIA,28 x 40,9,# 183,2 1/8
,,,,
,,,,
3 7/8 X 9 1/4   DIA,11 x 17,1,# 187,1  13/16
3 7/8 X 9 1/4   DIA,17 1/2 x 22 1/2,3,# 187,1  13/16
3 7/8 X 9 1/4   DIA,19 x 25,4,# 187,1  13/16
3 7/8 X 9 1/4   DIA,23 x 29,5,# 187,1  13/16
3 7/8 X 9 1/4   DIA,23 x 35,7,# 187,1  13/16
3 7/8 X 9 1/4   DIA,25 x 38,8,# 187,1  13/16
3 7/8 X 9 1/4   DIA,28 x 40,9,# 187,1  13/16
,,,,
,,,,
3 7/8 X 9 1/2  DIA,11 x 17,1,# 14,1 3/4
3 7/8 X 9 1/2  DIA,17 1/2 x 22 1/2,3,# 14,1 3/4
3 7/8 X 9 1/2  DIA,19 x 25,4,# 14,1 3/4
3 7/8 X 9 1/2  DIA,23 x 29,5,# 14,1 3/4
3 7/8 X 9 1/2  DIA,23 x 35,7,# 14,1 3/4
3 7/8 X 9 1/2  DIA,25 x 38,8,# 14,1 3/4
3 7/8 X 9 1/2  DIA,28 x 40,9,# 14,1 3/4
,,,,
,,,,
3 29/32 x 5 3/16   DIA,11 x 17,2,# 163,2 5/16
3 29/32 x 5 3/16   DIA,17 1/2 x 22 1/2,6,# 163,2 5/16
3 29/32 x 5 3/16   DIA,19 x 25,6,# 163,2 5/16
3 29/32 x 5 3/16   DIA,23 x 29,6,# 163,2 5/16
3 29/32 x 5 3/16   DIA,23 x 35,12,# 163,2 5/16
3 29/32 x 5 3/16   DIA,25 x 38,15,# 163,2 5/16
3 29/32 x 5 3/16   DIA,28 x 40,15,# 163,2 5/16
,,,,
,,,,
3 15/16 x 5 1/8   DIA,11 x 17,2,# 188,2 1/4
3 15/16 x 5 1/8   DIA,17 1/2 x 22 1/2,6,# 188,2 1/4
3 15/16 x 5 1/8   DIA,19 x 25,6,# 188,2 1/4
3 15/16 x 5 1/8   DIA,23 x 29,6,# 188,2 1/4
3 15/16 x 5 1/8   DIA,23 x 35,12,# 188,2 1/4
3 15/16 x 5 1/8   DIA,25 x 38,15,# 188,2 1/4
3 15/16 x 5 1/8   DIA,28 x 40,15,# 188,2 1/4
,,,,
,,,,
3 15/16 x 8 1/8   DIA,11 x 17,2,# 11,1 3/4
3 15/16 x 8 1/8   DIA,17 1/2 x 22 1/2,6,# 11,1 3/4
3 15/16 x 8 1/8   DIA,19 x 25,6,# 11,1 3/4
3 15/16 x 8 1/8   DIA,23 x 29,6,# 11,1 3/4
3 15/16 x 8 1/8   DIA,23 x 35,12,# 11,1 3/4
3 15/16 x 8 1/8   DIA,25 x 38,15,# 11,1 3/4
3 15/16 x 8 1/8   DIA,28 x 40,15,# 11,1 3/4
,,,,
,,,,
4 x 5   DIA,11 x 17,2,# 342,2 7/8
4 x 5   DIA,17 1/2 x 22 1/2,6,# 342,2 7/8
4 x 5   DIA,19 x 25,6,# 342,2 7/8
4 x 5   DIA,23 x 29,12,# 342,2 7/8
4 x 5   DIA,23 x 35,12,# 342,2 7/8
4 x 5   DIA,25 x 38,15,# 342,2 7/8
4 x 5   DIA,28 x 40,15,# 342,2 7/8
,,,,
,,,,
4 x 5 7/16  DIA,11 x 17,2,# 164,2 1/2
4 x 5 7/16  DIA,17 1/2 x 22 1/2,5,# 164,2 1/2
4 x 5 7/16  DIA,19 x 25,6,# 164,2 1/2
4 x 5 7/16  DIA,23 x 29,9,# 164,2 1/2
4 x 5 7/16  DIA,23 x 35,12,# 164,2 1/2
4 x 5 7/16  DIA,25 x 38,15,# 164,2 1/2
4 x 5 7/16  DIA,28 x 40,15,# 164,2 1/2
,,,,
,,,,
4 x 5 1/2  DIA,11 x 17,2,# 18,2
4 x 5 1/2  DIA,17 1/2 x 22 1/2,5,# 18,2
4 x 5 1/2  DIA,19 x 25,6,# 18,2
4 x 5 1/2  DIA,23 x 29,9,# 18,2
4 x 5 1/2  DIA,23 x 35,12,# 18,2
4 x 5 1/2  DIA,25 x 38,15,# 18,2
4 x 5 1/2  DIA,28 x 40,15,# 18,2
,,,,
,,,,
4 x 6  DIA,11 x 17,2,# 19,3 1/8
4 x 6  DIA,17 1/2 x 22 1/2,4,# 19,3 1/8
4 x 6  DIA,19 x 25,6,# 19,3 1/8
4 x 6  DIA,23 x 29,8,# 19,3 1/8
4 x 6  DIA,23 x 35,9,# 19,3 1/8
4 x 6  DIA,25 x 38,12,# 19,3 1/8
4 x 6  DIA,28 x 40,15,# 19,3 1/8
,,,,
,,,,
4 x 6 1/4  DIA,11 x 17,2,# 151,1 7/8
4 x 6 1/4  DIA,17 1/2 x 22 1/2,4,# 151,1 7/8
4 x 6 1/4  DIA,19 x 25,6,# 151,1 7/8
4 x 6 1/4  DIA,23 x 29,8,# 151,1 7/8
4 x 6 1/4  DIA,23 x 35,9,# 151,1 7/8
4 x 6 1/4  DIA,25 x 38,12,# 151,1 7/8
4 x 6 1/4  DIA,28 x 40,13,# 151,1 7/8
,,,,
,,,,
4 x 7  DIA,11 x 17,2,# 20,1 3/4
4 x 7  DIA,17 1/2 x 22 1/2,4,# 20,1 3/4
4 x 7  DIA,19 x 25,5,# 20,1 3/4
4 x 7  DIA,23 x 29,7,# 20,1 3/4
4 x 7  DIA,23 x 35,9,# 20,1 3/4
4 x 7  DIA,25 x 38,11,# 20,1 3/4
4 x 7  DIA,28 x 40,13,# 20,1 3/4
,,,,
,,,,
4 x 7  DIA,11 x 17,2,# 1,1 3/4
4 x 7  DIA,17 1/2 x 22 1/2,4,# 1,1 3/4
4 x 7  DIA,19 x 25,5,# 1,1 3/4
4 x 7  DIA,23 x 29,7,# 1,1 3/4
4 x 7  DIA,23 x 35,9,# 1,1 3/4
4 x 7  DIA,25 x 38,11,# 1,1 3/4
4 x 7  DIA,28 x 40,13,# 1,1 3/4
,,,,
,,,,
4 x 7 11/16  DIA,11 x 17,2,# 13,1 1/2
4 x 7 11/16  DIA,17 1/2 x 22 1/2,4,# 13,1 1/2
4 x 7 11/16  DIA,19 x 25,4,# 13,1 1/2
4 x 7 11/16  DIA,23 x 29,7,# 13,1 1/2
4 x 7 11/16  DIA,23 x 35,8,# 13,1 1/2
4 x 7 11/16  DIA,25 x 38,10,# 13,1 1/2
4 x 7 11/16  DIA,28 x 40,13,# 13,1 1/2
,,,,
,,,,
4 x 8  DIA,11 x 17,1,# 189,2 3/8
4 x 8  DIA,17 1/2 x 22 1/2,3,# 189,2 3/8
4 x 8  DIA,19 x 25,4,# 189,2 3/8
4 x 8  DIA,23 x 29,6,# 189,2 3/8
4 x 8  DIA,23 x 35,7,# 189,2 3/8
4 x 8  DIA,25 x 38,8,# 189,2 3/8
4 x 8  DIA,28 x 40,10,# 189,2 3/8
,,,,
,,,,
4 x 8 1/4  DIA,11 x 17,1,# 347,2 3/8
4 x 8 1/4  DIA,17 1/2 x 22 1/2,3,# 347,2 3/8
4 x 8 1/4  DIA,19 x 25,4,# 347,2 3/8
4 x 8 1/4  DIA,23 x 29,5,# 347,2 3/8
4 x 8 1/4  DIA,23 x 35,6,# 347,2 3/8
4 x 8 1/4  DIA,25 x 38,8,# 347,2 3/8
4 x 8 1/4  DIA,28 x 40,9,# 347,2 3/8
,,,,
,,,,
4 x 8 3/8  DIA,11 x 17,1,# 21,1 3/4
4 x 8 3/8  DIA,17 1/2 x 22 1/2,3,# 21,1 3/4
4 x 8 3/8  DIA,19 x 25,4,# 21,1 3/4
4 x 8 3/8  DIA,23 x 29,5,# 21,1 3/4
4 x 8 3/8  DIA,23 x 35,6,# 21,1 3/4
4 x 8 3/8  DIA,25 x 38,8,# 21,1 3/4
4 x 8 3/8  DIA,28 x 40,9,# 21,1 3/4
,,,,
,,,,
4 x 8 1/2  DIA,11 x 17,1,# 261,1 7/8
4 x 8 1/2  DIA,17 1/2 x 22 1/2,3,# 261,1 7/8
4 x 8 1/2  DIA,19 x 25,4,# 261,1 7/8
4 x 8 1/2  DIA,23 x 29,5,# 261,1 7/8
4 x 8 1/2  DIA,23 x 35,6,# 261,1 7/8
4 x 8 1/2  DIA,25 x 38,8,# 261,1 7/8
4 x 8 1/2  DIA,28 x 40,9,# 261,1 7/8
,,,,
,,,,
4 x 8 7/8  DIA,11 x 17,1,# 12,1 7/8
4 x 8 7/8  DIA,17 1/2 x 22 1/2,3,# 12,1 7/8
4 x 8 7/8  DIA,19 x 25,4,# 12,1 7/8
4 x 8 7/8  DIA,23 x 29,5,# 12,1 7/8
4 x 8 7/8  DIA,23 x 35,6,# 12,1 7/8
4 x 8 7/8  DIA,25 x 38,8,# 12,1 7/8
4 x 8 7/8  DIA,28 x 40,9,# 12,1 7/8
,,,,
,,,,
4 x 9  DIA,11 x 17,1,# 39,1 5/8
4 x 9  DIA,17 1/2 x 22 1/2,3,# 39,1 5/8
4 x 9  DIA,19 x 25,4,# 39,1 5/8
4 x 9  DIA,23 x 29,6,# 39,1 5/8
4 x 9  DIA,23 x 35,7,# 39,1 5/8
4 x 9  DIA,25 x 38,9,# 39,1 5/8
4 x 9  DIA,28 x 40,11,# 39,1 5/8
,,,,
,,,,
4 x 9 1/4  DIA,11 x 17,1,# 288,1 7/8
4 x 9 1/4  DIA,17 1/2 x 22 1/2,3,# 288,1 7/8
4 x 9 1/4  DIA,19 x 25,3,# 288,1 7/8
4 x 9 1/4  DIA,23 x 29,5,# 288,1 7/8
4 x 9 1/4  DIA,23 x 35,6,# 288,1 7/8
4 x 9 1/4  DIA,25 x 38,7,# 288,1 7/8
4 x 9 1/4  DIA,28 x 40,8,# 288,1 7/8
,,,,
,,,,
4 1/16 x 6 1/4  DIA,11 x 17,2,# 259,1  15/16
4 1/16 x 6 1/4  DIA,17 1/2 x 22 1/2,4,# 259,1  15/16
4 1/16 x 6 1/4  DIA,19 x 25,6,# 259,1  15/16
4 1/16 x 6 1/4  DIA,23 x 29,7,# 259,1  15/16
4 1/16 x 6 1/4  DIA,23 x 35,9,# 259,1  15/16
4 1/16 x 6 1/4  DIA,25 x 38,12,# 259,1  15/16
4 1/16 x 6 1/4  DIA,28 x 40,15,# 259,1  15/16
,,,,
,,,,
4 1/8 x 4 7/8   DIA,11 x 17,2,# 341,2 7/8
4 1/8 x 4 7/8   DIA,17 1/2 x 22 1/2,6,# 341,2 7/8
4 1/8 x 4 7/8   DIA,19 x 25,6,# 341,2 7/8
4 1/8 x 4 7/8   DIA,23 x 29,10,# 341,2 7/8
4 1/8 x 4 7/8   DIA,23 x 35,12,# 341,2 7/8
4 1/8 x 4 7/8   DIA,25 x 38,15,# 341,2 7/8
4 1/8 x 4 7/8   DIA,28 x 40,15,# 341,2 7/8
,,,,
,,,,
4 1/8 x 5 1/4   DIA,11 x 17,2,# 272,1 3/4
4 1/8 x 5 1/4   DIA,17 1/2 x 22 1/2,5,# 272,1 3/4
4 1/8 x 5 1/4   DIA,19 x 25,6,# 272,1 3/4
4 1/8 x 5 1/4   DIA,23 x 29,9,# 272,1 3/4
4 1/8 x 5 1/4   DIA,23 x 35,11,# 272,1 3/4
4 1/8 x 5 1/4   DIA,25 x 38,12,# 272,1 3/4
4 1/8 x 5 1/4   DIA,28 x 40,14,# 272,1 3/4
,,,,
,,,,
4 1/8 x 5 1/2   DIA,11 x 17,2,# 7,2 3/16
4 1/8 x 5 1/4   DIA,17 1/2 x 22 1/2,5,# 7,2 3/16
4 1/8 x 5 1/4   DIA,19 x 25,6,# 7,2 3/16
4 1/8 x 5 1/4   DIA,23 x 29,8,# 7,2 3/16
4 1/8 x 5 1/4   DIA,23 x 35,10,# 7,2 3/16
4 1/8 x 5 1/4   DIA,25 x 38,12,# 7,2 3/16
4 1/8 x 5 1/4   DIA,28 x 40,14,# 7,2 3/16
,,,,
,,,,
4 1/8 x 6 1/8   DIA,11 x 17,2,# 191,2 1/2
4 1/8 x 6 1/8   DIA,17 1/2 x 22 1/2,4,# 191,2 1/2
4 1/8 x 6 1/8   DIA,19 x 25,6,# 191,2 1/2
4 1/8 x 6 1/8   DIA,23 x 29,7,# 191,2 1/2
4 1/8 x 6 1/8   DIA,23 x 35,9,# 191,2 1/2
4 1/8 x 6 1/8   DIA,25 x 38,12,# 191,2 1/2
4 1/8 x 6 1/8   DIA,28 x 40,14,# 191,2 1/2
,,,,
,,,,
4 1/8 x 6 7/8   DIA,11 x 17,2,# 175,1 15/16
4 1/8 x 6 1/8   DIA,17 1/2 x 22 1/2,4,# 175,1 15/16
4 1/8 x 6 1/8   DIA,19 x 25,4,# 175,1 15/16
4 1/8 x 6 1/8   DIA,23 x 29,6,# 175,1 15/16
4 1/8 x 6 1/8   DIA,23 x 35,8,# 175,1 15/16
4 1/8 x 6 1/8   DIA,25 x 38,10,# 175,1 15/16
4 1/8 x 6 1/8   DIA,28 x 40,12,# 175,1 15/16
,,,,
,,,,
4 1/8 x 7 1/2   DIA,11 x 17,2,# 22,1 3/4
4 1/8 x 7 1/2   DIA,17 1/2 x 22 1/2,4,# 22,1 3/4
4 1/8 x 7 1/2   DIA,19 x 25,5,# 22,1 3/4
4 1/8 x 7 1/2   DIA,23 x 29,6,# 22,1 3/4
4 1/8 x 7 1/2   DIA,23 x 35,8,# 22,1 3/4
4 1/8 x 7 1/2   DIA,25 x 38,10,# 22,1 3/4
4 1/8 x 7 1/2   DIA,28 x 40,12,# 22,1 3/4
,,,,
,,,,
4 1/8 x 8   DIA,11 x 17,2,# 40,2 1/8
4 1/8 x 8   DIA,17 1/2 x 22 1/2,4,# 40,2 1/8
4 1/8 x 8   DIA,19 x 25,4,# 40,2 1/8
4 1/8 x 8   DIA,23 x 29,6,# 40,2 1/8
4 1/8 x 8   DIA,23 x 35,8,# 40,2 1/8
4 1/8 x 8   DIA,25 x 38,9,# 40,2 1/8
4 1/8 x 8   DIA,28 x 40,11,# 40,2 1/8
,,,,
,,,,
4 1/8 x 9   DIA,11 x 17,1,# 33,1 3/4
4 1/8 x 9   DIA,17 1/2 x 22 1/2,3,# 33,1 3/4
4 1/8 x 9   DIA,19 x 25,4,# 33,1 3/4
4 1/8 x 9   DIA,23 x 29,6,# 33,1 3/4
4 1/8 x 9   DIA,23 x 35,7,# 33,1 3/4
4 1/8 x 9   DIA,25 x 38,8,# 33,1 3/4
4 1/8 x 9   DIA,28 x 40,9,# 33,1 3/4
,,,,
,,,,
4 1/8 x 9   DIA,11 x 17,1,# 170,1 3/4
4 1/8 x 9   DIA,17 1/2 x 22 1/2,3,# 170,1 3/4
4 1/8 x 9   DIA,19 x 25,4,# 170,1 3/4
4 1/8 x 9   DIA,23 x 29,6,# 170,1 3/4
4 1/8 x 9   DIA,23 x 35,7,# 170,1 3/4
4 1/8 x 9   DIA,25 x 38,8,# 170,1 3/4
4 1/8 x 9   DIA,28 x 40,9,# 170,1 3/4
,,,,
,,,,
4 1/8 x 9 1/8   DIA,11 x 17,1,# 181,1  15/16
4 1/8 x 9 1/8   DIA,17 1/2 x 22 1/2,3,# 181,1  15/16
4 1/8 x 9 1/8   DIA,19 x 25,4,# 181,1  15/16
4 1/8 x 9 1/8   DIA,23 x 29,5,# 181,1  15/16
4 1/8 x 9 1/8   DIA,23 x 35,6,# 181,1  15/16
4 1/8 x 9 1/8   DIA,25 x 38,8,# 181,1  15/16
4 1/8 x 9 1/8   DIA,28 x 40,9,# 181,1  15/16
,,,,
,,,,
#10 - 4 1/8 x 9 1/2   DIA,11 x 17,1,# 36,1 3/4
#10 - 4 1/8 x 9 1/2   DIA,17 1/2 x 22 1/2,3,# 36,1 3/4
#10 - 4 1/8 x 9 1/2   DIA,19 x 25,4,# 36,1 3/4
#10 - 4 1/8 x 9 1/2   DIA,23 x 29,5,# 36,1 3/4
#10 - 4 1/8 x 9 1/2   DIA,23 x 35,7,# 36,1 3/4
#10 - 4 1/8 x 9 1/2   DIA,25 x 38,8,# 36,1 3/4
#10 - 4 1/8 x 9 1/2   DIA,28 x 40,9,# 36,1 3/4
,,,,
,,,,
#10 - 4 1/8 x 9 1/2   DIA,11 x 17,1,# 34,2
#10 - 4 1/8 x 9 1/2   DIA,17 1/2 x 22 1/2,3,# 34,2
#10 - 4 1/8 x 9 1/2   DIA,19 x 25,3,# 34,2
#10 - 4 1/8 x 9 1/2   DIA,23 x 29,5,# 34,2
#10 - 4 1/8 x 9 1/2   DIA,23 x 35,6,# 34,2
#10 - 4 1/8 x 9 1/2   DIA,25 x 38,7,# 34,2
#10 - 4 1/8 x 9 1/2   DIA,28 x 40,9,# 34,2
,,,,
,,,,
#10 - 4 1/8 x 9 1/2   DIA,11 x 17,1,# 35,1 9/16
#10 - 4 1/8 x 9 1/2   DIA,17 1/2 x 22 1/2,3,# 35,1 9/16
#10 - 4 1/8 x 9 1/2   DIA,19 x 25,4,# 35,1 9/16
#10 - 4 1/8 x 9 1/2   DIA,23 x 29,5,# 35,1 9/16
#10 - 4 1/8 x 9 1/2   DIA,23 x 35,7,# 35,1 9/16
#10 - 4 1/8 x 9 1/2   DIA,25 x 38,8,# 35,1 9/16
#10 - 4 1/8 x 9 1/2   DIA,28 x 40,9,# 35,1 9/16
,,,,
,,,,
#10 - 4 1/8 x 9 1/2   DIA,11 x 17,1,# 40,2
#10 - 4 1/8 x 9 1/2   DIA,17 1/2 x 22 1/2,2,# 40,2
#10 - 4 1/8 x 9 1/2   DIA,19 x 25,3,# 40,2
#10 - 4 1/8 x 9 1/2   DIA,23 x 29,5,# 40,2
#10 - 4 1/8 x 9 1/2   DIA,23 x 35,6,# 40,2
#10 - 4 1/8 x 9 1/2   DIA,25 x 38,7,# 40,2
#10 - 4 1/8 x 9 1/2   DIA,28 x 40,8,# 40,2
,,,,
,,,,
#10 - 4 1/8 x 9 1/2   DIA,11 x 17,1,# 108,1 5/8
#10 - 4 1/8 x 9 1/2   DIA,17 1/2 x 22 1/2,3,# 108,1 5/8
#10 - 4 1/8 x 9 1/2   DIA,19 x 25,4,# 108,1 5/8
#10 - 4 1/8 x 9 1/2   DIA,23 x 29,5,# 108,1 5/8
#10 - 4 1/8 x 9 1/2   DIA,23 x 35,6,# 108,1 5/8
#10 - 4 1/8 x 9 1/2   DIA,25 x 38,8,# 108,1 5/8
#10 - 4 1/8 x 9 1/2   DIA,28 x 40,9,# 108,1 5/8
,,,,
,,,,
#10 - 4 1/8 x 9 1/2   DIA,11 x 17,1,# 109,1 7/16
#10 - 4 1/8 x 9 1/2   DIA,17 1/2 x 22 1/2,3,# 109,1 7/16
#10 - 4 1/8 x 9 1/2   DIA,19 x 25,4,# 109,1 7/16
#10 - 4 1/8 x 9 1/2   DIA,23 x 29,6,# 109,1 7/16
#10 - 4 1/8 x 9 1/2   DIA,23 x 35,6,# 109,1 7/16
#10 - 4 1/8 x 9 1/2   DIA,25 x 38,8,# 109,1 7/16
#10 - 4 1/8 x 9 1/2   DIA,28 x 40,10,# 109,1 7/16
,,,,
,,,,
#10 - 4 1/8 x 9 1/2   DIA,11 x 17,1,# 171,1 3/4
#10 - 4 1/8 x 9 1/2   DIA,17 1/2 x 22 1/2,3,# 171,1 3/4
#10 - 4 1/8 x 9 1/2   DIA,19 x 25,4,# 171,1 3/4
#10 - 4 1/8 x 9 1/2   DIA,23 x 29,5,# 171,1 3/4
#10 - 4 1/8 x 9 1/2   DIA,23 x 35,6,# 171,1 3/4
#10 - 4 1/8 x 9 1/2   DIA,25 x 38,8,# 171,1 3/4
#10 - 4 1/8 x 9 1/2   DIA,28 x 40,9,# 171,1 3/4
,,,,
,,,,
#10 - 4 1/8 x 9 1/2   DIA,11 x 17,1,# 172,1  11/16
#10 - 4 1/8 x 9 1/2   DIA,17 1/2 x 22 1/2,3,# 172,1  11/16
#10 - 4 1/8 x 9 1/2   DIA,19 x 25,4,# 172,1  11/16
#10 - 4 1/8 x 9 1/2   DIA,23 x 29,5,# 172,1  11/16
#10 - 4 1/8 x 9 1/2   DIA,23 x 35,7,# 172,1  11/16
#10 - 4 1/8 x 9 1/2   DIA,25 x 38,8,# 172,1  11/16
#10 - 4 1/8 x 9 1/2   DIA,28 x 40,9,# 172,1  11/16
,,,,
,,,,
#10 - 4 1/8 x 9 1/2   DIA,11 x 17,1,# 173 & 174,1 7/8
#10 - 4 1/8 x 9 1/2   DIA,17 1/2 x 22 1/2,3,# 173 & 174,1 7/8
#10 - 4 1/8 x 9 1/2   DIA,19 x 25,4,# 173 & 174,1 7/8
#10 - 4 1/8 x 9 1/2   DIA,23 x 29,5,# 173 & 174,1 7/8
#10 - 4 1/8 x 9 1/2   DIA,23 x 35,7,# 173 & 174,1 7/8
#10 - 4 1/8 x 9 1/2   DIA,25 x 38,8,# 173 & 174,1 7/8
#10 - 4 1/8 x 9 1/2   DIA,28 x 40,9,# 173 & 174,1 7/8
,,,,
,,,,
#10 - 4 1/8 x 9 1/2   DIA,11 x 17,1,# 114 - N,2 1/8
#10 - 4 1/8 x 9 1/2   DIA,17 1/2 x 22 1/2,2,# 114 - N,2 1/8
#10 - 4 1/8 x 9 1/2   DIA,19 x 25,3,# 114 - N,2 1/8
#10 - 4 1/8 x 9 1/2   DIA,23 x 29,4,# 114 - N,2 1/8
#10 - 4 1/8 x 9 1/2   DIA,23 x 35,6,# 114 - N,2 1/8
#10 - 4 1/8 x 9 1/2   DIA,25 x 38,6,# 114 - N,2 1/8
#10 - 4 1/8 x 9 1/2   DIA,28 x 40,7,# 114 - N,2 1/8
,,,,
,,,,
#10 - 4 1/8 x 9 1/2   DIA,11 x 17,1,# 108 - N,1 1/2
#10 - 4 1/8 x 9 1/2   DIA,17 1/2 x 22 1/2,2,# 108 - N,1 1/2
#10 - 4 1/8 x 9 1/2   DIA,19 x 25,3,# 108 - N,1 1/2
#10 - 4 1/8 x 9 1/2   DIA,23 x 29,4,# 108 - N,1 1/2
#10 - 4 1/8 x 9 1/2   DIA,23 x 35,6,# 108 - N,1 1/2
#10 - 4 1/8 x 9 1/2   DIA,25 x 38,6,# 108 - N,1 1/2
#10 - 4 1/8 x 9 1/2   DIA,28 x 40,7,# 108 - N,1 1/2
,,,,
,,,,
#10 - 4 1/8 x 9 1/2   DIA,11 x 17,1,# 231,1 1/2
#10 - 4 1/8 x 9 1/2   DIA,17 1/2 x 22 1/2,2,# 231,1 1/2
#10 - 4 1/8 x 9 1/2   DIA,19 x 25,3,# 231,1 1/2
#10 - 4 1/8 x 9 1/2   DIA,23 x 29,5,# 231,1 1/2
#10 - 4 1/8 x 9 1/2   DIA,23 x 35,7,# 231,1 1/2
#10 - 4 1/8 x 9 1/2   DIA,25 x 38,8,# 231,1 1/2
#10 - 4 1/8 x 9 1/2   DIA,28 x 40,9,# 231,1 1/2
,,,,
,,,,
#10 - 4 1/8 x 9 1/2   DIA,11 x 17,1,# 144,2 3/8
#10 - 4 1/8 x 9 1/2   DIA,17 1/2 x 22 1/2,2,# 144,2 3/8
#10 - 4 1/8 x 9 1/2   DIA,19 x 25,2,# 144,2 3/8
#10 - 4 1/8 x 9 1/2   DIA,23 x 29,4,# 144,2 3/8
#10 - 4 1/8 x 9 1/2   DIA,23 x 35,5,# 144,2 3/8
#10 - 4 1/8 x 9 1/2   DIA,25 x 38,6,# 144,2 3/8
#10 - 4 1/8 x 9 1/2   DIA,28 x 40,8,# 144,2 3/8
,,,,
,,,,
#10 - 4 1/8 x 9 1/2   DIA,11 x 17,1,# 31,1 3/16
#10 - 4 1/8 x 9 1/2   DIA,17 1/2 x 22 1/2,2,# 31,1 3/16
#10 - 4 1/8 x 9 1/2   DIA,19 x 25,2,# 31,1 3/16
#10 - 4 1/8 x 9 1/2   DIA,23 x 29,4,# 31,1 3/16
#10 - 4 1/8 x 9 1/2   DIA,23 x 35,5,# 31,1 3/16
#10 - 4 1/8 x 9 1/2   DIA,25 x 38,6,# 31,1 3/16
#10 - 4 1/8 x 9 1/2   DIA,28 x 40,8,# 31,1 3/16
,,,,
,,,,
#10 - 4 1/8 x 9 1/2   DIA,11 x 17,1,# 33,1 7/16
#10 - 4 1/8 x 9 1/2   DIA,17 1/2 x 22 1/2,2,# 33,1 7/16
#10 - 4 1/8 x 9 1/2   DIA,19 x 25,2,# 33,1 7/16
#10 - 4 1/8 x 9 1/2   DIA,23 x 29,4,# 33,1 7/16
#10 - 4 1/8 x 9 1/2   DIA,23 x 35,5,# 33,1 7/16
#10 - 4 1/8 x 9 1/2   DIA,25 x 38,6,# 33,1 7/16
#10 - 4 1/8 x 9 1/2   DIA,28 x 40,8,# 33,1 7/16
,,,,
,,,,
#10 - 4 1/8 x 9 1/2   DIA,11 x 17,1,# 30,1 1/2
#10 - 4 1/8 x 9 1/2   DIA,17 1/2 x 22 1/2,2,# 30,1 1/2
#10 - 4 1/8 x 9 1/2   DIA,19 x 25,2,# 30,1 1/2
#10 - 4 1/8 x 9 1/2   DIA,23 x 29,4,# 30,1 1/2
#10 - 4 1/8 x 9 1/2   DIA,23 x 35,5,# 30,1 1/2
#10 - 4 1/8 x 9 1/2   DIA,25 x 38,6,# 30,1 1/2
#10 - 4 1/8 x 9 1/2   DIA,28 x 40,8,# 30,1 1/2
,,,,
,,,,
#10 - 4 1/8 x 9 1/2   DIA,11 x 17,1,# 29,1 1/2
#10 - 4 1/8 x 9 1/2   DIA,17 1/2 x 22 1/2,2,# 29,1 1/2
#10 - 4 1/8 x 9 1/2   DIA,19 x 25,2,# 29,1 1/2
#10 - 4 1/8 x 9 1/2   DIA,23 x 29,4,# 29,1 1/2
#10 - 4 1/8 x 9 1/2   DIA,23 x 35,5,# 29,1 1/2
#10 - 4 1/8 x 9 1/2   DIA,25 x 38,6,# 29,1 1/2
#10 - 4 1/8 x 9 1/2   DIA,28 x 40,8,# 29,1 1/2
,,,,
,,,,
#10 - 4 1/8 x 9 1/2   DIA,11 x 17,1,# 26,1  11/16
#10 - 4 1/8 x 9 1/2   DIA,17 1/2 x 22 1/2,3,# 26,1  11/16
#10 - 4 1/8 x 9 1/2   DIA,19 x 25,4,# 26,1  11/16
#10 - 4 1/8 x 9 1/2   DIA,23 x 29,5,# 26,1  11/16
#10 - 4 1/8 x 9 1/2   DIA,23 x 35,7,# 26,1  11/16
#10 - 4 1/8 x 9 1/2   DIA,25 x 38,8,# 26,1  11/16
#10 - 4 1/8 x 9 1/2   DIA,28 x 40,9,# 26,1  11/16
,,,,
,,,,
#10 - 4 1/8 x 9 1/2   DIA,11 x 17,1,# 32,1  11/16
#10 - 4 1/8 x 9 1/2   DIA,17 1/2 x 22 1/2,3,# 32,1  11/16
#10 - 4 1/8 x 9 1/2   DIA,19 x 25,4,# 32,1  11/16
#10 - 4 1/8 x 9 1/2   DIA,23 x 29,5,# 32,1  11/16
#10 - 4 1/8 x 9 1/2   DIA,23 x 35,7,# 32,1  11/16
#10 - 4 1/8 x 9 1/2   DIA,25 x 38,8,# 32,1  11/16
#10 - 4 1/8 x 9 1/2   DIA,28 x 40,9,# 32,1  11/16
,,,,
#10 - 4 1/8 x 9 1/2   DIA,11 x 17,1,# 34,1 3/4
#10 - 4 1/8 x 9 1/2   DIA,17 1/2 x 22 1/2,3,# 34,1 3/4
#10 - 4 1/8 x 9 1/2   DIA,19 x 25,4,# 34,1 3/4
#10 - 4 1/8 x 9 1/2   DIA,23 x 29,5,# 34,1 3/4
#10 - 4 1/8 x 9 1/2   DIA,23 x 35,7,# 34,1 3/4
#10 - 4 1/8 x 9 1/2   DIA,25 x 38,8,# 34,1 3/4
#10 - 4 1/8 x 9 1/2   DIA,28 x 40,9,# 34,1 3/4
,,,,
,,,,
#10 - 4 1/8 x 9 1/2   DIA,11 x 17,1,# 25,1 3/4
#10 - 4 1/8 x 9 1/2   DIA,17 1/2 x 22 1/2,3,# 25,1 3/4
#10 - 4 1/8 x 9 1/2   DIA,19 x 25,4,# 25,1 3/4
#10 - 4 1/8 x 9 1/2   DIA,23 x 29,5,# 25,1 3/4
#10 - 4 1/8 x 9 1/2   DIA,23 x 35,6,# 25,1 3/4
#10 - 4 1/8 x 9 1/2   DIA,25 x 38,8,# 25,1 3/4
#10 - 4 1/8 x 9 1/2   DIA,28 x 40,9,# 25,1 3/4
,,,,
,,,,
#10 - 4 1/8 x 9 1/2   DIA,11 x 17,1,# 28,1  13/16
#10 - 4 1/8 x 9 1/2   DIA,17 1/2 x 22 1/2,3,# 28,1  13/16
#10 - 4 1/8 x 9 1/2   DIA,19 x 25,4,# 28,1  13/16
#10 - 4 1/8 x 9 1/2   DIA,23 x 29,5,# 28,1  13/16
#10 - 4 1/8 x 9 1/2   DIA,23 x 35,7,# 28,1  13/16
#10 - 4 1/8 x 9 1/2   DIA,25 x 38,8,# 28,1  13/16
#10 - 4 1/8 x 9 1/2   DIA,28 x 40,9,# 28,1  13/16
,,,,
,,,,
#10 - 4 1/8 x 9 1/2   DIA,11 x 17,1,# 21,1 3/4
#10 - 4 1/8 x 9 1/2   DIA,17 1/2 x 22 1/2,2,# 21,1 3/4
#10 - 4 1/8 x 9 1/2   DIA,19 x 25,2,# 21,1 3/4
#10 - 4 1/8 x 9 1/2   DIA,23 x 29,4,# 21,1 3/4
#10 - 4 1/8 x 9 1/2   DIA,23 x 35,5,# 21,1 3/4
#10 - 4 1/8 x 9 1/2   DIA,25 x 38,6,# 21,1 3/4
#10 - 4 1/8 x 9 1/2   DIA,28 x 40,8,# 21,1 3/4
,,,,
,,,,
#10 - 4 1/8 x 9 1/2   DIA,11 x 17,1,# 22,1 11/16
#10 - 4 1/8 x 9 1/2   DIA,17 1/2 x 22 1/2,3,# 22,1 11/16
#10 - 4 1/8 x 9 1/2   DIA,19 x 25,4,# 22,1 11/16
#10 - 4 1/8 x 9 1/2   DIA,23 x 29,5,# 22,1 11/16
#10 - 4 1/8 x 9 1/2   DIA,23 x 35,7,# 22,1 11/16
#10 - 4 1/8 x 9 1/2   DIA,25 x 38,8,# 22,1 11/16
#10 - 4 1/8 x 9 1/2   DIA,28 x 40,9,# 22,1 11/16
,,,,
,,,,
#10 - 4 1/8 x 9 1/2   DIA,11 x 17,1,# 24,1 11/16
#10 - 4 1/8 x 9 1/2   DIA,17 1/2 x 22 1/2,3,# 24,1 11/16
#10 - 4 1/8 x 9 1/2   DIA,19 x 25,4,# 24,1 11/16
#10 - 4 1/8 x 9 1/2   DIA,23 x 29,5,# 24,1 11/16
#10 - 4 1/8 x 9 1/2   DIA,23 x 35,7,# 24,1 11/16
#10 - 4 1/8 x 9 1/2   DIA,25 x 38,8,# 24,1 11/16
#10 - 4 1/8 x 9 1/2   DIA,28 x 40,9,# 24,1 11/16
,,,,
,,,,
#10 - 4 1/8 x 9 1/2   DIA,11 x 17,1,# 23,2 1/16
#10 - 4 1/8 x 9 1/2   DIA,17 1/2 x 22 1/2,2,# 23,2 1/16
#10 - 4 1/8 x 9 1/2   DIA,19 x 25,3,# 23,2 1/16
#10 - 4 1/8 x 9 1/2   DIA,23 x 29,5,# 23,2 1/16
#10 - 4 1/8 x 9 1/2   DIA,23 x 35,6,# 23,2 1/16
#10 - 4 1/8 x 9 1/2   DIA,25 x 38,8,# 23,2 1/16
#10 - 4 1/8 x 9 1/2   DIA,28 x 40,9,# 23,2 1/16
,,,,
,,,,
#10 - 4 1/8 x 9 1/2   DIA,11 x 17,1,# 194,2 9/16
#10 - 4 1/8 x 9 1/2   DIA,17 1/2 x 22 1/2,2,# 194,2 9/16
#10 - 4 1/8 x 9 1/2   DIA,19 x 25,3,# 194,2 9/16
#10 - 4 1/8 x 9 1/2   DIA,23 x 29,5,# 194,2 9/16
#10 - 4 1/8 x 9 1/2   DIA,23 x 35,6,# 194,2 9/16
#10 - 4 1/8 x 9 1/2   DIA,25 x 38,7,# 194,2 9/16
#10 - 4 1/8 x 9 1/2   DIA,28 x 40,8,# 194,2 9/16
,,,,
,,,,
#10 - 4 1/8 x 9 1/2   DIA,11 x 17,1,# 296,1 3/4
#10 - 4 1/8 x 9 1/2   DIA,17 1/2 x 22 1/2,2,# 296,1 3/4
#10 - 4 1/8 x 9 1/2   DIA,19 x 25,3,# 296,1 3/4
#10 - 4 1/8 x 9 1/2   DIA,23 x 29,5,# 296,1 3/4
#10 - 4 1/8 x 9 1/2   DIA,23 x 35,6,# 296,1 3/4
#10 - 4 1/8 x 9 1/2   DIA,25 x 38,7,# 296,1 3/4
#10 - 4 1/8 x 9 1/2   DIA,28 x 40,8,# 296,1 3/4
,,,,
,,,,
4 1/8 x 9 3/4   DIA,11 x 17,1,# 172 - UT,1 1/2
4 1/8 x 9 3/4   DIA,17 1/2 x 22 1/2,2,# 172 - UT,1 1/2
4 1/8 x 9 3/4   DIA,19 x 25,3,# 172 - UT,1 1/2
4 1/8 x 9 3/4   DIA,23 x 29,5,# 172 - UT,1 1/2
4 1/8 x 9 3/4   DIA,23 x 35,6,# 172 - UT,1 1/2
4 1/8 x 9 3/4   DIA,25 x 38,7,# 172 - UT,1 1/2
4 1/8 x 9 3/4   DIA,28 x 40,8,# 172 - UT,1 1/2
,,,,
,,,,
4 1/8 x 10   DIA,11 x 17,0,# 196,1  13/16
4 1/8 x 10   DIA,17 1/2 x 22 1/2,2,# 196,1  13/16
4 1/8 x 10   DIA,19 x 25,3,# 196,1  13/16
4 1/8 x 10   DIA,23 x 29,5,# 196,1  13/16
4 1/8 x 10   DIA,23 x 35,6,# 196,1  13/16
4 1/8 x 10   DIA,25 x 38,7,# 196,1  13/16
4 1/8 x 10   DIA,28 x 40,8,# 196,1  13/16
,,,,
,,,,
4 1/8 x 10 1/8   DIA,11 x 17,0,# 197,1  15/16
4 1/8 x 10 1/8   DIA,17 1/2 x 22 1/2,2,# 197,1  15/16
4 1/8 x 10 1/8   DIA,19 x 25,3,# 197,1  15/16
4 1/8 x 10 1/8   DIA,23 x 29,5,# 197,1  15/16
4 1/8 x 10 1/8   DIA,23 x 35,6,# 197,1  15/16
4 1/8 x 10 1/8   DIA,25 x 38,7,# 197,1  15/16
4 1/8 x 10 1/8   DIA,28 x 40,8,# 197,1  15/16
,,,,
,,,,
4 1/8 x 10 3/16   DIA,11 x 17,0,# 198,1 9/16
4 1/8 x 10 3/16   DIA,17 1/2 x 22 1/2,2,# 198,1 9/16
4 1/8 x 10 3/16   DIA,19 x 25,3,# 198,1 9/16
4 1/8 x 10 3/16   DIA,23 x 29,5,# 198,1 9/16
4 1/8 x 10 3/16   DIA,23 x 35,6,# 198,1 9/16
4 1/8 x 10 3/16   DIA,25 x 38,7,# 198,1 9/16
4 1/8 x 10 3/16   DIA,28 x 40,8,# 198,1 9/16
,,,,
,,,,
4 1/8 x 10 1/4   DIA,11 x 17,0,# 295,2 1/4
4 1/8 x 10 1/4   DIA,17 1/2 x 22 1/2,2,# 295,2 1/4
4 1/8 x 10 1/4   DIA,19 x 25,3,# 295,2 1/4
4 1/8 x 10 1/4   DIA,23 x 29,5,# 295,2 1/4
4 1/8 x 10 1/4   DIA,23 x 35,6,# 295,2 1/4
4 1/8 x 10 1/4   DIA,25 x 38,7,# 295,2 1/4
4 1/8 x 10 1/4   DIA,28 x 40,8,# 295,2 1/4
,,,,
,,,,
4 1/8 x 10 3/8   DIA,11 x 17,0,# 200,1 5/16
4 1/8 x 10 3/8   DIA,17 1/2 x 22 1/2,2,# 200,1 5/16
4 1/8 x 10 3/8   DIA,19 x 25,3,# 200,1 5/16
4 1/8 x 10 3/8   DIA,23 x 29,5,# 200,1 5/16
4 1/8 x 10 3/8   DIA,23 x 35,6,# 200,1 5/16
4 1/8 x 10 3/8   DIA,25 x 38,7,# 200,1 5/16
4 1/8 x 10 3/8   DIA,28 x 40,8,# 200,1 5/16
,,,,
,,,,
4 5/32 x 8 3/4   DIA,11 x 17,1,# 262,1 5/8
4 5/32 x 8 3/4   DIA,17 1/2 x 22 1/2,3,# 262,1 5/8
4 5/32 x 8 3/4   DIA,19 x 25,4,# 262,1 5/8
4 5/32 x 8 3/4   DIA,23 x 29,6,# 262,1 5/8
4 5/32 x 8 3/4   DIA,23 x 35,8,# 262,1 5/8
4 5/32 x 8 3/4   DIA,25 x 38,9,# 262,1 5/8
4 5/32 x 8 3/4   DIA,28 x 40,10,# 262,1 5/8
,,,,
,,,,
4 3/16 x 7 11/16   DIA,11 x 17,2,# 99,1 1/2
4 3/16 x 7 11/16   DIA,17 1/2 x 22 1/2,4,# 99,1 1/2
4 3/16 x 7 11/16   DIA,19 x 25,4,# 99,1 1/2
4 3/16 x 7 11/16   DIA,23 x 29,7,# 99,1 1/2
4 3/16 x 7 11/16   DIA,23 x 35,8,# 99,1 1/2
4 3/16 x 7 11/16   DIA,25 x 38,9,# 99,1 1/2
4 3/16 x 7 11/16   DIA,28 x 40,10,# 99,1 1/2
,,,,
,,,,
4 1/4 x 6 3/4   DIA,11 x 17,2,# 8,2
4 1/4 x 6 3/4   DIA,17 1/2 x 22 1/2,4,# 8,2
4 1/4 x 6 3/4   DIA,19 x 25,4,# 8,2
4 1/4 x 6 3/4   DIA,23 x 29,7,# 8,2
4 1/4 x 6 3/4   DIA,23 x 35,8,# 8,2
4 1/4 x 6 3/4   DIA,25 x 38,10,# 8,2
4 1/4 x 6 3/4   DIA,28 x 40,12,# 8,2
,,,,
,,,,
4 1/4 x 7 3/4   DIA,11 x 17,1,# 8,2
4 1/4 x 7 3/4   DIA,17 1/2 x 22 1/2,4,# 8,2
4 1/4 x 7 3/4   DIA,19 x 25,4,# 8,2
4 1/4 x 7 3/4   DIA,23 x 29,6,# 8,2
4 1/4 x 7 3/4   DIA,23 x 35,7,# 8,2
4 1/4 x 7 3/4   DIA,25 x 38,9,# 8,2
4 1/4 x 7 3/4   DIA,28 x 40,11,# 8,2
,,,,
,,,,
4 1/4 x 8 1/8   DIA,11 x 17,1,# 287,2 3/8
4 1/4 x 8 1/8   DIA,17 1/2 x 22 1/2,4,# 287,2 3/8
4 1/4 x 8 1/8   DIA,19 x 25,4,# 287,2 3/8
4 1/4 x 8 1/8   DIA,23 x 29,6,# 287,2 3/8
4 1/4 x 8 1/8   DIA,23 x 35,7,# 287,2 3/8
4 1/4 x 8 1/8   DIA,25 x 38,9,# 287,2 3/8
4 1/4 x 8 1/8   DIA,28 x 40,11,# 287,2 3/8
,,,,
,,,,
4 1/4 x 8 3/4   MON,11 x 17,1,# 348,2 9/16
4 1/4 x 8 3/4   MON,17 1/2 x 22 1/2,2,# 348,2 9/16
4 1/4 x 8 3/4   MON,19 x 25,3,# 348,2 9/16
4 1/4 x 8 3/4   MON,23 x 29,5,# 348,2 9/16
4 1/4 x 8 3/4   MON,23 x 35,6,# 348,2 9/16
4 1/4 x 8 3/4   MON,25 x 38,7,# 348,2 9/16
4 1/4 x 8 3/4   MON,28 x 40,8,# 348,2 9/16
,,,,
,,,,
4 1/4 x 8 7/8   DIA,11 x 17,1,# 149,1 1/2
4 1/4 x 8 7/8   DIA,17 1/2 x 22 1/2,3,# 149,1 1/2
4 1/4 x 8 7/8   DIA,19 x 25,4,# 149,1 1/2
4 1/4 x 8 7/8   DIA,23 x 29,6,# 149,1 1/2
4 1/4 x 8 7/8   DIA,23 x 35,7,# 149,1 1/2
4 1/4 x 8 7/8   DIA,25 x 38,8,# 149,1 1/2
4 1/4 x 8 7/8   DIA,28 x 40,10,# 149,1 1/2
,,,,
,,,,
4 1/4 x 9 3/4   DIA,11 x 17,0,# 280,2
4 1/4 x 9 3/4   DIA,17 1/2 x 22 1/2,2,# 280,2
4 1/4 x 9 3/4   DIA,19 x 25,4,# 280,2
4 1/4 x 9 3/4   DIA,23 x 29,5,# 280,2
4 1/4 x 9 3/4   DIA,23 x 35,6,# 280,2
4 1/4 x 9 3/4   DIA,25 x 38,7,# 280,2
4 1/4 x 9 3/4   DIA,28 x 40,8,# 280,2
,,,,
,,,,
4 5/16 x 7 3/4   DIA,11 x 17,0,# 286,1 5/8
4 5/16 x 7 3/4   DIA,17 1/2 x 22 1/2,4,# 286,1 5/8
4 5/16 x 7 3/4   DIA,19 x 25,4,# 286,1 5/8
4 5/16 x 7 3/4   DIA,23 x 29,6,# 286,1 5/8
4 5/16 x 7 3/4   DIA,23 x 35,8,# 286,1 5/8
4 5/16 x 7 3/4   DIA,25 x 38,9,# 286,1 5/8
4 5/16 x 7 3/4   DIA,28 x 40,11,# 286,1 5/8
,,,,
,,,,
#5 1/2 - 4 3/8 x 5 3/4   BAR,11 x 17,2,# 49,2  11/16
#5 1/2 - 4 3/8 x 5 3/4   BAR,17 1/2 x 22 1/2,4,# 49,2  11/16
#5 1/2 - 4 3/8 x 5 3/4   BAR,19 x 25,6,# 49,2  11/16
#5 1/2 - 4 3/8 x 5 3/4   BAR,23 x 29,7,# 49,2  11/16
#5 1/2 - 4 3/8 x 5 3/4   BAR,23 x 35,9,# 49,2  11/16
#5 1/2 - 4 3/8 x 5 3/4   BAR,25 x 38,12,# 49,2  11/16
#5 1/2 - 4 3/8 x 5 3/4   BAR,28 x 40,15,# 49,2  11/16
,,,,
,,,,
#5 1/2 - 4 3/8 x 5 3/4   BAR,11 x 17,2,# 187,3 1/4
#5 1/2 - 4 3/8 x 5 3/4   BAR,17 1/2 x 22 1/2,4,# 187,3 1/4
#5 1/2 - 4 3/8 x 5 3/4   BAR,19 x 25,6,# 187,3 1/4
#5 1/2 - 4 3/8 x 5 3/4   BAR,23 x 29,6,# 187,3 1/4
#5 1/2 - 4 3/8 x 5 3/4   BAR,23 x 35,8,# 187,3 1/4
#5 1/2 - 4 3/8 x 5 3/4   BAR,25 x 38,11,# 187,3 1/4
#5 1/2 - 4 3/8 x 5 3/4   BAR,28 x 40,14,# 187,3 1/4
,,,,
,,,,
#5 1/2 - 4 3/8 x 5 3/4   BAR,11 x 17,2,# 343,2 7/16
#5 1/2 - 4 3/8 x 5 3/4   BAR,17 1/2 x 22 1/2,4,# 343,2 7/16
#5 1/2 - 4 3/8 x 5 3/4   BAR,19 x 25,5,# 343,2 7/16
#5 1/2 - 4 3/8 x 5 3/4   BAR,23 x 29,6,# 343,2 7/16
#5 1/2 - 4 3/8 x 5 3/4   BAR,23 x 35,8,# 343,2 7/16
#5 1/2 - 4 3/8 x 5 3/4   BAR,25 x 38,11,# 343,2 7/16
#5 1/2 - 4 3/8 x 5 3/4   BAR,28 x 40,13,# 343,2 7/16
,,,,
,,,,
4 3/8 x 5 3/4   DIA,11 x 17,2,# 271,1  13/16
4 3/8 x 5 3/4   DIA,17 1/2 x 22 1/2,4,# 271,1  13/16
4 3/8 x 5 3/4   DIA,19 x 25,6,# 271,1  13/16
4 3/8 x 5 3/4   DIA,23 x 29,6,# 271,1  13/16
4 3/8 x 5 3/4   DIA,23 x 35,8,# 271,1  13/16
4 3/8 x 5 3/4   DIA,25 x 38,11,# 271,1  13/16
4 3/8 x 5 3/4   DIA,28 x 40,13,# 271,1  13/16
,,,,
,,,,
4 3/8 x 7   DIA,11 x 17,1,# 159,2
4 3/8 x 7   DIA,17 1/2 x 22 1/2,4,# 159,2
4 3/8 x 7   DIA,19 x 25,4,# 159,2
4 3/8 x 7   DIA,23 x 29,6,# 159,2
4 3/8 x 7   DIA,23 x 35,8,# 159,2
4 3/8 x 7   DIA,25 x 38,9,# 159,2
4 3/8 x 7   DIA,28 x 40,11,# 159,2
,,,,
,,,,
4 3/8 x 8 3/8   DIA,11 x 17,1,# 190,2
4 3/8 x 8 3/8   DIA,17 1/2 x 22 1/2,2,# 190,2
4 3/8 x 8 3/8   DIA,19 x 25,3,# 190,2
4 3/8 x 8 3/8   DIA,23 x 29,4,# 190,2
4 3/8 x 8 3/8   DIA,23 x 35,6,# 190,2
4 3/8 x 8 3/8   DIA,25 x 38,7,# 190,2
4 3/8 x 8 3/8   DIA,28 x 40,8,# 190,2
,,,,
,,,,
4 1/2 x 6    DIA,11 x 17,2,# 273,2 1/8
4 1/2 x 6    DIA,17 1/2 x 22 1/2,4,# 273,2 1/8
4 1/2 x 6    DIA,19 x 25,4,# 273,2 1/8
4 1/2 x 6    DIA,23 x 29,6,# 273,2 1/8
4 1/2 x 6    DIA,23 x 35,8,# 273,2 1/8
4 1/2 x 6    DIA,25 x 38,9,# 273,2 1/8
4 1/2 x 6    DIA,28 x 40,12,# 273,2 1/8
,,,,
,,,,
4 1/2 x 6 3/8   DIA,11 x 17,2,# 168,2 11/16
4 1/2 x 6 3/8   DIA,17 1/2 x 22 1/2,4,# 168,2 11/16
4 1/2 x 6 3/8   DIA,19 x 25,4,# 168,2 11/16
4 1/2 x 6 3/8   DIA,23 x 29,6,# 168,2 11/16
4 1/2 x 6 3/8   DIA,23 x 35,8,# 168,2 11/16
4 1/2 x 6 3/8   DIA,25 x 38,9,# 168,2 11/16
4 1/2 x 6 3/8   DIA,28 x 40,12,# 168,2 11/16
,,,,
,,,,
4 1/2 x 6 1/2    DIA,11 x 17,2,# 160,2 1/2
4 1/2 x 6 1/2    DIA,17 1/2 x 22 1/2,4,# 160,2 1/2
4 1/2 x 6 1/2    DIA,19 x 25,4,# 160,2 1/2
4 1/2 x 6 1/2    DIA,23 x 29,6,# 160,2 1/2
4 1/2 x 6 1/2    DIA,23 x 35,8,# 160,2 1/2
4 1/2 x 6 1/2    DIA,25 x 38,9,# 160,2 1/2
4 1/2 x 6 1/2    DIA,28 x 40,12,# 160,2 1/2
,,,,
,,,,
4 1/2 x 7 1/4    DIA,11 x 17,1,# 5,2 3/16
4 1/2 x 7 1/4    DIA,17 1/2 x 22 1/2,4,# 5,2 3/16
4 1/2 x 7 1/4    DIA,19 x 25,4,# 5,2 3/16
4 1/2 x 7 1/4    DIA,23 x 29,6,# 5,2 3/16
4 1/2 x 7 1/4    DIA,23 x 35,8,# 5,2 3/16
4 1/2 x 7 1/4    DIA,25 x 38,9,# 5,2 3/16
4 1/2 x 7 1/4    DIA,28 x 40,12,# 5,2 3/16
,,,,
,,,,
4 1/2 x 8    DIA,11 x 17,0,# 281,2 3/8
4 1/2 x 8    DIA,17 1/2 x 22 1/2,3,# 281,2 3/8
4 1/2 x 8    DIA,19 x 25,4,# 281,2 3/8
4 1/2 x 8    DIA,23 x 29,5,# 281,2 3/8
4 1/2 x 8    DIA,23 x 35,6,# 281,2 3/8
4 1/2 x 8    DIA,25 x 38,8,# 281,2 3/8
4 1/2 x 8    DIA,28 x 40,9,# 281,2 3/8
,,,,
,,,,
4 1/2 x 8 3/4   DIA,11 x 17,1,# 35,2 1/8
4 1/2 x 8 3/4   DIA,17 1/2 x 22 1/2,2,# 35,2 1/8
4 1/2 x 8 3/4   DIA,19 x 25,4,# 35,2 1/8
4 1/2 x 8 3/4   DIA,23 x 29,5,# 35,2 1/8
4 1/2 x 8 3/4   DIA,23 x 35,6,# 35,2 1/8
4 1/2 x 8 3/4   DIA,25 x 38,8,# 35,2 1/8
4 1/2 x 8 3/4   DIA,28 x 40,8,# 35,2 1/8
,,,,
,,,,
4 1/2 x 9 1/2   DIA,11 x 17,1,# 149,2  11/16
4 1/2 x 9 1/2   DIA,17 1/2 x 22 1/2,2,# 149,2  11/16
4 1/2 x 9 1/2   DIA,19 x 25,3,# 149,2  11/16
4 1/2 x 9 1/2   DIA,23 x 29,5,# 149,2  11/16
4 1/2 x 9 1/2   DIA,23 x 35,6,# 149,2  11/16
4 1/2 x 9 1/2   DIA,25 x 38,7,# 149,2  11/16
4 1/2 x 9 1/2   DIA,28 x 40,8,# 149,2  11/16
,,,,
,,,,
4 1/2 x 9 1/2   DIA,11 x 17,1,# 41,1  15/16
4 1/2 x 9 1/2   DIA,17 1/2 x 22 1/2,2,# 41,1  15/16
4 1/2 x 9 1/2   DIA,19 x 25,3,# 41,1  15/16
4 1/2 x 9 1/2   DIA,23 x 29,4,# 41,1  15/16
4 1/2 x 9 1/2   DIA,23 x 35,6,# 41,1  15/16
4 1/2 x 9 1/2   DIA,25 x 38,7,# 41,1  15/16
4 1/2 x 9 1/2   DIA,28 x 40,8,# 41,1  15/16
,,,,
,,,,
4 1/2 x 9 1/2   DIA,11 x 17,1,# 182,2
4 1/2 x 9 1/2   DIA,17 1/2 x 22 1/2,2,# 182,2
4 1/2 x 9 1/2   DIA,19 x 25,3,# 182,2
4 1/2 x 9 1/2   DIA,23 x 29,4,# 182,2
4 1/2 x 9 1/2   DIA,23 x 35,6,# 182,2
4 1/2 x 9 1/2   DIA,25 x 38,7,# 182,2
4 1/2 x 9 1/2   DIA,28 x 40,8,# 182,2
,,,,
,,,,
#11 - 4 1/2 x 10 3/8   DIA ,11 x 17,0,# 50,2
#11 - 4 1/2 x 10 3/8   DIA ,17 1/2 x 22 1/2,2,# 50,2
#11 - 4 1/2 x 10 3/8   DIA ,19 x 25,3,# 50,2
#11 - 4 1/2 x 10 3/8   DIA ,23 x 29,4,# 50,2
#11 - 4 1/2 x 10 3/8   DIA ,23 x 35,6,# 50,2
#11 - 4 1/2 x 10 3/8   DIA ,25 x 38,7,# 50,2
#11 - 4 1/2 x 10 3/8   DIA ,28 x 40,8,# 50,2
,,,,
,,,,
#11 - 4 1/2 x 10 3/8   DIA ,11 x 17,0,# 179,2
#11 - 4 1/2 x 10 3/8   DIA ,17 1/2 x 22 1/2,2,# 179,2
#11 - 4 1/2 x 10 3/8   DIA ,19 x 25,3,# 179,2
#11 - 4 1/2 x 10 3/8   DIA ,23 x 29,4,# 179,2
#11 - 4 1/2 x 10 3/8   DIA ,23 x 35,5,# 179,2
#11 - 4 1/2 x 10 3/8   DIA ,25 x 38,6,# 179,2
#11 - 4 1/2 x 10 3/8   DIA ,28 x 40,8,# 179,2
,,,,
,,,,
#11 - 4 1/2 x 10 3/8   DIA ,11 x 17,0,# 180,3
#11 - 4 1/2 x 10 3/8   DIA ,17 1/2 x 22 1/2,2,# 180,3
#11 - 4 1/2 x 10 3/8   DIA ,19 x 25,2,# 180,3
#11 - 4 1/2 x 10 3/8   DIA ,23 x 29,4,# 180,3
#11 - 4 1/2 x 10 3/8   DIA ,23 x 35,5,# 180,3
#11 - 4 1/2 x 10 3/8   DIA ,25 x 38,6,# 180,3
#11 - 4 1/2 x 10 3/8   DIA ,28 x 40,7,# 180,3
,,,,
,,,,
#11 - 4 1/2 x 10 3/8   DIA ,11 x 17,0,# 294,1 3/4
#11 - 4 1/2 x 10 3/8   DIA ,17 1/2 x 22 1/2,2,# 294,1 3/4
#11 - 4 1/2 x 10 3/8   DIA ,19 x 25,3,# 294,1 3/4
#11 - 4 1/2 x 10 3/8   DIA ,23 x 29,4,# 294,1 3/4
#11 - 4 1/2 x 10 3/8   DIA ,23 x 35,5,# 294,1 3/4
#11 - 4 1/2 x 10 3/8   DIA ,25 x 38,6,# 294,1 3/4
#11 - 4 1/2 x 10 3/8   DIA ,28 x 40,8,# 294,1 3/4
,,,,
,,,,
#11 - 4 1/2 x 10 3/8   DIA ,11 x 17,0,# 284,2
#11 - 4 1/2 x 10 3/8   DIA ,17 1/2 x 22 1/2,2,# 284,2
#11 - 4 1/2 x 10 3/8   DIA ,19 x 25,3,# 284,2
#11 - 4 1/2 x 10 3/8   DIA ,23 x 29,4,# 284,2
#11 - 4 1/2 x 10 3/8   DIA ,23 x 35,5,# 284,2
#11 - 4 1/2 x 10 3/8   DIA ,25 x 38,6,# 284,2
#11 - 4 1/2 x 10 3/8   DIA ,28 x 40,8,# 284,2
,,,,
,,,,
4 5/8 x 6 1/4    DIA,11 x 17,2,# 51,2 1/8
4 5/8 x 6 1/4    DIA,17 1/2 x 22 1/2,4,# 51,2 1/8
4 5/8 x 6 1/4    DIA,19 x 25,5,# 51,2 1/8
4 5/8 x 6 1/4    DIA,23 x 29,7,# 51,2 1/8
4 5/8 x 6 1/4    DIA,23 x 35,8,# 51,2 1/8
4 5/8 x 6 1/4    DIA,25 x 38,10,# 51,2 1/8
4 5/8 x 6 1/4    DIA,28 x 40,12,# 51,2 1/8
,,,,
,,,,
4 5/8 x 6 1/4    DIA,11 x 17,2,# 167,2 3/16
4 5/8 x 6 1/4    DIA,17 1/2 x 22 1/2,4,# 167,2 3/16
4 5/8 x 6 1/4    DIA,19 x 25,5,# 167,2 3/16
4 5/8 x 6 1/4    DIA,23 x 29,6,# 167,2 3/16
4 5/8 x 6 1/4    DIA,23 x 35,8,# 167,2 3/16
4 5/8 x 6 1/4    DIA,25 x 38,10,# 167,2 3/16
4 5/8 x 6 1/4    DIA,28 x 40,12,# 167,2 3/16
,,,,
,,,,
4 5/8 x 6 1/4    DIA,11 x 17,2,# 152,2 1/8
4 5/8 x 6 1/4    DIA,17 1/2 x 22 1/2,4,# 152,2 1/8
4 5/8 x 6 1/4    DIA,19 x 25,5,# 152,2 1/8
4 5/8 x 6 1/4    DIA,23 x 29,6,# 152,2 1/8
4 5/8 x 6 1/4    DIA,23 x 35,8,# 152,2 1/8
4 5/8 x 6 1/4    DIA,25 x 38,10,# 152,2 1/8
4 5/8 x 6 1/4    DIA,28 x 40,12,# 152,2 1/8
,,,,
,,,,
4 5/8 x 6 9/16    DIA,11 x 17,2,# 189,2 3/4
4 5/8 x 6 9/16    DIA,17 1/2 x 22 1/2,4,# 189,2 3/4
4 5/8 x 6 9/16    DIA,19 x 25,4,# 189,2 3/4
4 5/8 x 6 9/16    DIA,23 x 29,6,# 189,2 3/4
4 5/8 x 6 9/16    DIA,23 x 35,8,# 189,2 3/4
4 5/8 x 6 9/16    DIA,25 x 38,8,# 189,2 3/4
4 5/8 x 6 9/16    DIA,28 x 40,12,# 189,2 3/4
,,,,
,,,,
4 5/8 x 6 11/16    DIA,11 x 17,2,# 272,1  11/16
4 5/8 x 6 11/16    DIA,17 1/2 x 22 1/2,4,# 272,1  11/16
4 5/8 x 6 11/16    DIA,19 x 25,5,# 272,1  11/16
4 5/8 x 6 11/16    DIA,23 x 29,6,# 272,1  11/16
4 5/8 x 6 11/16    DIA,23 x 35,8,# 272,1  11/16
4 5/8 x 6 11/16    DIA,25 x 38,8,# 272,1  11/16
4 5/8 x 6 11/16    DIA,28 x 40,12,# 272,1  11/16
,,,,
,,,,
4 5/8 x 11 1/2   DIA,11 x 17,0,# 270,2
4 5/8 x 11 1/2   DIA,17 1/2 x 22 1/2,2,# 270,2
4 5/8 x 11 1/2   DIA,19 x 25,2,# 270,2
4 5/8 x 11 1/2   DIA,23 x 29,4,# 270,2
4 5/8 x 11 1/2   DIA,23 x 35,4,# 270,2
4 5/8 x 11 1/2   DIA,25 x 38,5,# 270,2
4 5/8 x 11 1/2   DIA,28 x 40,7,# 270,2
,,,,
,,,,
4 3/4 x 6 1/2   DIA,11 x 17,2,# 214,2
4 3/4 x 6 1/2   DIA,17 1/2 x 22 1/2,4,# 214,2
4 3/4 x 6 1/2   DIA,19 x 25,4,# 214,2
4 3/4 x 6 1/2   DIA,23 x 29,7,# 214,2
4 3/4 x 6 1/2   DIA,23 x 35,8,# 214,2
4 3/4 x 6 1/2   DIA,25 x 38,10,# 214,2
4 3/4 x 6 1/2   DIA,28 x 40,12,# 214,2
,,,,
,,,,
4 3/4 x 9 1/2   DIA,11 x 17,0,# 120 - N,2
4 3/4 x 9 1/2   DIA,17 1/2 x 22 1/2,2,# 120 - N,2
4 3/4 x 9 1/2   DIA,19 x 25,2,# 120 - N,2
4 3/4 x 9 1/2   DIA,23 x 29,4,# 120 - N,2
4 3/4 x 9 1/2   DIA,23 x 35,5,# 120 - N,2
4 3/4 x 9 1/2   DIA,25 x 38,6,# 120 - N,2
4 3/4 x 9 1/2   DIA,28 x 40,6,# 120 - N,2
,,,,
,,,,
#12 - 4 3/4 x 11   DIA,11 x 17,0,# 52,1  13/16
#12 - 4 3/4 x 11   DIA,17 1/2 x 22 1/2,2,# 52,1  13/16
#12 - 4 3/4 x 11   DIA,19 x 25,2,# 52,1  13/16
#12 - 4 3/4 x 11   DIA,23 x 29,4,# 52,1  13/16
#12 - 4 3/4 x 11   DIA,23 x 35,5,# 52,1  13/16
#12 - 4 3/4 x 11   DIA,25 x 38,6,# 52,1  13/16
#12 - 4 3/4 x 11   DIA,28 x 40,6,# 52,1  13/16
,,,,
,,,,
#12 - 4 3/4 x 11   DIA,11 x 17,0,# 185,2 7/8
#12 - 4 3/4 x 11   DIA,17 1/2 x 22 1/2,2,# 185,2 7/8
#12 - 4 3/4 x 11   DIA,19 x 25,2,# 185,2 7/8
#12 - 4 3/4 x 11   DIA,23 x 29,4,# 185,2 7/8
#12 - 4 3/4 x 11   DIA,23 x 35,4,# 185,2 7/8
#12 - 4 3/4 x 11   DIA,25 x 38,6,# 185,2 7/8
#12 - 4 3/4 x 11   DIA,28 x 40,6,# 185,2 7/8
,,,,
,,,,
#12 - 4 3/4 x 11   DIA,11 x 17,0,# 45,2 3/16
#12 - 4 3/4 x 11   DIA,17 1/2 x 22 1/2,2,# 45,2 3/16
#12 - 4 3/4 x 11   DIA,19 x 25,2,# 45,2 3/16
#12 - 4 3/4 x 11   DIA,23 x 29,4,# 45,2 3/16
#12 - 4 3/4 x 11   DIA,23 x 35,4,# 45,2 3/16
#12 - 4 3/4 x 11   DIA,25 x 38,6,# 45,2 3/16
#12 - 4 3/4 x 11   DIA,28 x 40,6,# 45,2 3/16
,,,,
,,,,
#12 - 4 3/4 x 11   DIA,11 x 17,0,# 192,2 1/4
#12 - 4 3/4 x 11   DIA,17 1/2 x 22 1/2,2,# 192,2 1/4
#12 - 4 3/4 x 11   DIA,19 x 25,2,# 192,2 1/4
#12 - 4 3/4 x 11   DIA,23 x 29,4,# 192,2 1/4
#12 - 4 3/4 x 11   DIA,23 x 35,4,# 192,2 1/4
#12 - 4 3/4 x 11   DIA,25 x 38,6,# 192,2 1/4
#12 - 4 3/4 x 11   DIA,28 x 40,6,# 192,2 1/4
,,,,
,,,,
4 25/32 x 6 9/16   DIA,11 x 17,2,# 190,2 3/4
4 25/32 x 6 9/16   DIA,17 1/2 x 22 1/2,4,# 190,2 3/4
4 25/32 x 6 9/16   DIA,19 x 25,4,# 190,2 3/4
4 25/32 x 6 9/16   DIA,23 x 29,6,# 190,2 3/4
4 25/32 x 6 9/16   DIA,23 x 35,8,# 190,2 3/4
4 25/32 x 6 9/16   DIA,25 x 38,8,# 190,2 3/4
4 25/32 x 6 9/16   DIA,28 x 40,12,# 190,2 3/4
,,,,
,,,,
#6 MON/BAR  4 13/16 x 6 9/16   DIA,11 x 17,1,# 54,2 3/4
#6 MON/BAR  4 13/16 x 6 9/16   DIA,17 1/2 x 22 1/2,4,# 54,2 3/4
#6 MON/BAR  4 13/16 x 6 9/16   DIA,19 x 25,4,# 54,2 3/4
#6 MON/BAR  4 13/16 x 6 9/16   DIA,23 x 29,6,# 54,2 3/4
#6 MON/BAR  4 13/16 x 6 9/16   DIA,23 x 35,8,# 54,2 3/4
#6 MON/BAR  4 13/16 x 6 9/16   DIA,25 x 38,8,# 54,2 3/4
#6 MON/BAR  4 13/16 x 6 9/16   DIA,28 x 40,12,# 54,2 3/4
,,,,
,,,,
 4 7/8 x 6 1/4   BAR - DIA,11 x 17,1,# 258,2 5/16
 4 7/8 x 6 1/4   BAR - DIA,17 1/2 x 22 1/2,4,# 258,2 5/16
 4 7/8 x 6 1/4   BAR - DIA,19 x 25,4,# 258,2 5/16
 4 7/8 x 6 1/4   BAR - DIA,23 x 29,6,# 258,2 5/16
 4 7/8 x 6 1/4   BAR - DIA,23 x 35,8,# 258,2 5/16
 4 7/8 x 6 1/4   BAR - DIA,25 x 38,9,# 258,2 5/16
 4 7/8 x 6 1/4   BAR - DIA,28 x 40,12,# 258,2 5/16
,,,,
,,,,
 4 7/8 x 6 3/8   DIA,11 x 17,1,# 224,2 5/8
 4 7/8 x 6 3/8   DIA,17 1/2 x 22 1/2,3,# 224,2 5/8
 4 7/8 x 6 3/8   DIA,19 x 25,4,# 224,2 5/8
 4 7/8 x 6 3/8   DIA,23 x 29,6,# 224,2 5/8
 4 7/8 x 6 3/8   DIA,23 x 35,8,# 224,2 5/8
 4 7/8 x 6 3/8   DIA,25 x 38,9,# 224,2 5/8
 4 7/8 x 6 3/8   DIA,28 x 40,12,# 224,2 5/8
,,,,
,,,,
 4 7/8 x 6 3/8   DIA,11 x 17,1,# 107-N,3 1/2
 4 7/8 x 6 3/8   DIA,17 1/2 x 22 1/2,3,# 107-N,3 1/2
 4 7/8 x 6 3/8   DIA,19 x 25,4,# 107-N,3 1/2
 4 7/8 x 6 3/8   DIA,23 x 29,4,# 107-N,3 1/2
 4 7/8 x 6 3/8   DIA,23 x 35,6,# 107-N,3 1/2
 4 7/8 x 6 3/8   DIA,25 x 38,8,# 107-N,3 1/2
 4 7/8 x 6 3/8   DIA,28 x 40,12,# 107-N,3 1/2
,,,,
,,,,
 4 7/8 x 8 1/2   DIA,11 x 17,0,# 81,1 1/2
 4 7/8 x 8 1/2   DIA,17 1/2 x 22 1/2,3,# 81,1 1/2
 4 7/8 x 8 1/2   DIA,19 x 25,4,# 81,1 1/2
 4 7/8 x 8 1/2   DIA,23 x 29,5,# 81,1 1/2
 4 7/8 x 8 1/2   DIA,23 x 35,6,# 81,1 1/2
 4 7/8 x 8 1/2   DIA,25 x 38,8,# 81,1 1/2
 4 7/8 x 8 1/2   DIA,28 x 40,9,# 81,1 1/2
,,,,
,,,,
 4 7/8 x 9   DIA,11 x 17,0,# 285,2 1/4
 4 7/8 x 9   DIA,17 1/2 x 22 1/2,2,# 285,2 1/4
 4 7/8 x 9   DIA,19 x 25,3,# 285,2 1/4
 4 7/8 x 9   DIA,23 x 29,4,# 285,2 1/4
 4 7/8 x 9   DIA,23 x 35,5,# 285,2 1/4
 4 7/8 x 9   DIA,25 x 38,6,# 285,2 1/4
 4 7/8 x 9   DIA,28 x 40,8,# 285,2 1/4
,,,,
,,,,
 4 7/8 x 9 1/2   DIA,11 x 17,0,# 53,1 1/2
 4 7/8 x 9 1/2   DIA,17 1/2 x 22 1/2,2,# 53,1 1/2
 4 7/8 x 9 1/2   DIA,19 x 25,3,# 53,1 1/2
 4 7/8 x 9 1/2   DIA,23 x 29,4,# 53,1 1/2
 4 7/8 x 9 1/2   DIA,23 x 35,5,# 53,1 1/2
 4 7/8 x 9 1/2   DIA,25 x 38,7,# 53,1 1/2
 4 7/8 x 9 1/2   DIA,28 x 40,8,# 53,1 1/2
,,,,
,,,,
 5 x 7 1/4   DIA,11 x 17,1,# 82,1 7/8
 5 x 7 1/4   DIA,17 1/2 x 22 1/2,3,# 82,1 7/8
 5 x 7 1/4   DIA,19 x 25,4,# 82,1 7/8
 5 x 7 1/4   DIA,23 x 29,6,# 82,1 7/8
 5 x 7 1/4   DIA,23 x 35,7,# 82,1 7/8
 5 x 7 1/4   DIA,25 x 38,8,# 82,1 7/8
 5 x 7 1/4   DIA,28 x 40,10,# 82,1 7/8
,,,,
,,,,
 5 x 7 1/2   MON - DIA,11 x 17,1,# 283,2 3/4
 5 x 7 1/2   MON - DIA,17 1/2 x 22 1/2,2,# 283,2 3/4
 5 x 7 1/2   MON - DIA,19 x 25,4,# 283,2 3/4
 5 x 7 1/2   MON - DIA,23 x 29,5,# 283,2 3/4
 5 x 7 1/2   MON - DIA,23 x 35,6,# 283,2 3/4
 5 x 7 1/2   MON - DIA,25 x 38,8,# 283,2 3/4
 5 x 7 1/2   MON - DIA,28 x 40,9,# 283,2 3/4
,,,,
,,,,
 5 x 7 5/8   DIA,11 x 17,1,# 178,1  15/16
 5 x 7 5/8   DIA,17 1/2 x 22 1/2,3,# 178,1  15/16
 5 x 7 5/8   DIA,19 x 25,4,# 178,1  15/16
 5 x 7 5/8   DIA,23 x 29,5,# 178,1  15/16
 5 x 7 5/8   DIA,23 x 35,7,# 178,1  15/16
 5 x 7 5/8   DIA,25 x 38,8,# 178,1  15/16
 5 x 7 5/8   DIA,28 x 40,9,# 178,1  15/16
,,,,
,,,,
 5 x 7 5/8   DIA,11 x 17,0,# 279,2 1/4
 5 x 7 5/8   DIA,17 1/2 x 22 1/2,2,# 279,2 1/4
 5 x 7 5/8   DIA,19 x 25,4,# 279,2 1/4
 5 x 7 5/8   DIA,23 x 29,5,# 279,2 1/4
 5 x 7 5/8   DIA,23 x 35,6,# 279,2 1/4
 5 x 7 5/8   DIA,25 x 38,8,# 279,2 1/4
 5 x 7 5/8   DIA,28 x 40,9,# 279,2 1/4
,,,,
,,,,
 5 x 9 1/2   DIA,11 x 17,0,# 199,2 1/16
 5 x 9 1/2   DIA,17 1/2 x 22 1/2,2,# 199,2 1/16
 5 x 9 1/2   DIA,19 x 25,2,# 199,2 1/16
 5 x 9 1/2   DIA,23 x 29,4,# 199,2 1/16
 5 x 9 1/2   DIA,23 x 35,4,# 199,2 1/16
 5 x 9 1/2   DIA,25 x 38,6,# 199,2 1/16
 5 x 9 1/2   DIA,28 x 40,7,# 199,2 1/16
,,,,
,,,,
 5 x 9 7/8   DIA,11 x 17,0,# 44,2 7/16
 5 x 9 7/8   DIA,17 1/2 x 22 1/2,2,# 44,2 7/16
 5 x 9 7/8   DIA,19 x 25,2,# 44,2 7/16
 5 x 9 7/8   DIA,23 x 29,4,# 44,2 7/16
 5 x 9 7/8   DIA,23 x 35,4,# 44,2 7/16
 5 x 9 7/8   DIA,25 x 38,6,# 44,2 7/16
 5 x 9 7/8   DIA,28 x 40,6,# 44,2 7/16
,,,,
,,,,
#14 -  5 x 11 1/2   DIA,11 x 17,0,# 186,2 1/4
#14 -  5 x 11 1/2   DIA,17 1/2 x 22 1/2,2,# 186,2 1/4
#14 -  5 x 11 1/2   DIA,19 x 25,2,# 186,2 1/4
#14 -  5 x 11 1/2   DIA,23 x 29,4,# 186,2 1/4
#14 -  5 x 11 1/2   DIA,23 x 35,4,# 186,2 1/4
#14 -  5 x 11 1/2   DIA,25 x 38,5,# 186,2 1/4
#14 -  5 x 11 1/2   DIA,28 x 40,6,# 186,2 1/4
,,,,
,,,,
#14 -  5 x 11 1/2   DIA,11 x 17,0,# 47,2 5/16
#14 -  5 x 11 1/2   DIA,17 1/2 x 22 1/2,2,# 47,2 5/16
#14 -  5 x 11 1/2   DIA,19 x 25,2,# 47,2 5/16
#14 -  5 x 11 1/2   DIA,23 x 29,4,# 47,2 5/16
#14 -  5 x 11 1/2   DIA,23 x 35,4,# 47,2 5/16
#14 -  5 x 11 1/2   DIA,25 x 38,5,# 47,2 5/16
#14 -  5 x 11 1/2   DIA,28 x 40,6,# 47,2 5/16
,,,,
,,,,
#14 -  5 x 11 1/2   DIA,11 x 17,0,# 42,2
#14 -  5 x 11 1/2   DIA,17 1/2 x 22 1/2,2,# 42,2
#14 -  5 x 11 1/2   DIA,19 x 25,2,# 42,2
#14 -  5 x 11 1/2   DIA,23 x 29,4,# 42,2
#14 -  5 x 11 1/2   DIA,23 x 35,4,# 42,2
#14 -  5 x 11 1/2   DIA,25 x 38,4,# 42,2
#14 -  5 x 11 1/2   DIA,28 x 40,6,# 42,2
,,,,
,,,,
#14 -  5 x 11 1/2   DIA,11 x 17,0,# 193,2 3/8
#14 -  5 x 11 1/2   DIA,17 1/2 x 22 1/2,2,# 193,2 3/8
#14 -  5 x 11 1/2   DIA,19 x 25,2,# 193,2 3/8
#14 -  5 x 11 1/2   DIA,23 x 29,4,# 193,2 3/8
#14 -  5 x 11 1/2   DIA,23 x 35,4,# 193,2 3/8
#14 -  5 x 11 1/2   DIA,25 x 38,4,# 193,2 3/8
#14 -  5 x 11 1/2   DIA,28 x 40,6,# 193,2 3/8
,,,,
,,,,
5 1/4 x 7   DIA,11 x 17,0,# 68,1 7/8
5 1/4 x 7   DIA,17 1/2 x 22 1/2,2,# 68,1 7/8
5 1/4 x 7   DIA,19 x 25,4,# 68,1 7/8
5 1/4 x 7   DIA,23 x 29,5,# 68,1 7/8
5 1/4 x 7   DIA,23 x 35,7,# 68,1 7/8
5 1/4 x 7   DIA,25 x 38,8,# 68,1 7/8
5 1/4 x 7   DIA,28 x 40,10,# 68,1 7/8
,,,,
,,,,
#7 BAR - 5 1/4 x 7 1/4   DIA,11 x 17,1,# 55,2 5/16
#7 BAR - 5 1/4 x 7 1/4   DIA,17 1/2 x 22 1/2,3,# 55,2 5/16
#7 BAR - 5 1/4 x 7 1/4   DIA,19 x 25,4,# 55,2 5/16
#7 BAR - 5 1/4 x 7 1/4   DIA,23 x 29,5,# 55,2 5/16
#7 BAR - 5 1/4 x 7 1/4   DIA,23 x 35,6,# 55,2 5/16
#7 BAR - 5 1/4 x 7 1/4   DIA,25 x 38,8,# 55,2 5/16
#7 BAR - 5 1/4 x 7 1/4   DIA,28 x 40,9,# 55,2 5/16
,,,,
,,,,
#7 BAR - 5 1/4 x 7 1/4   DIA,11 x 17,1,# 83,3 1/4
#7 BAR - 5 1/4 x 7 1/4   DIA,17 1/2 x 22 1/2,2,# 83,3 1/4
#7 BAR - 5 1/4 x 7 1/4   DIA,19 x 25,3,# 83,3 1/4
#7 BAR - 5 1/4 x 7 1/4   DIA,23 x 29,5,# 83,3 1/4
#7 BAR - 5 1/4 x 7 1/4   DIA,23 x 35,6,# 83,3 1/4
#7 BAR - 5 1/4 x 7 1/4   DIA,25 x 38,8,# 83,3 1/4
#7 BAR - 5 1/4 x 7 1/4   DIA,28 x 40,8,# 83,3 1/4
,,,,
,,,,
#7 BAR - 5 1/4 x 7 1/4   DIA,11 x 17,1,"# 100, 101",2 15/16
#7 BAR - 5 1/4 x 7 1/4   DIA,17 1/2 x 22 1/2,2,"# 100, 101",2 15/16
#7 BAR - 5 1/4 x 7 1/4   DIA,19 x 25,4,"# 100, 101",2 15/16
#7 BAR - 5 1/4 x 7 1/4   DIA,23 x 29,6,"# 100, 101",2 15/16
#7 BAR - 5 1/4 x 7 1/4   DIA,23 x 35,6,"# 100, 101",2 15/16
#7 BAR - 5 1/4 x 7 1/4   DIA,25 x 38,8,"# 100, 101",2 15/16
#7 BAR - 5 1/4 x 7 1/4   DIA,28 x 40,8,"# 100, 101",2 15/16
,,,,
,,,,
#7 BAR - 5 1/4 x 7 1/4   DIA,11 x 17,1,# 110,2 15/16
#7 BAR - 5 1/4 x 7 1/4   DIA,17 1/2 x 22 1/2,2,# 110,2 15/16
#7 BAR - 5 1/4 x 7 1/4   DIA,19 x 25,4,# 110,2 15/16
#7 BAR - 5 1/4 x 7 1/4   DIA,23 x 29,6,# 110,2 15/16
#7 BAR - 5 1/4 x 7 1/4   DIA,23 x 35,6,# 110,2 15/16
#7 BAR - 5 1/4 x 7 1/4   DIA,25 x 38,8,# 110,2 15/16
#7 BAR - 5 1/4 x 7 1/4   DIA,28 x 40,8,# 110,2 15/16
,,,,
,,,,
#7 BAR - 5 1/4 x 7 1/4   DIA,11 x 17,1,"# 20, 71",2 3/4
#7 BAR - 5 1/4 x 7 1/4   DIA,17 1/2 x 22 1/2,2,"# 20, 71",2 3/4
#7 BAR - 5 1/4 x 7 1/4   DIA,19 x 25,3,"# 20, 71",2 3/4
#7 BAR - 5 1/4 x 7 1/4   DIA,23 x 29,6,"# 20, 71",2 3/4
#7 BAR - 5 1/4 x 7 1/4   DIA,23 x 35,6,"# 20, 71",2 3/4
#7 BAR - 5 1/4 x 7 1/4   DIA,25 x 38,8,"# 20, 71",2 3/4
#7 BAR - 5 1/4 x 7 1/4   DIA,28 x 40,8,"# 20, 71",2 3/4
,,,,
,,,,
5 3/8 x 8   DIA,11 x 17,0,# 65,2 1/2
5 3/8 x 8   DIA,17 1/2 x 22 1/2,2,# 65,2 1/2
5 3/8 x 8   DIA,19 x 25,3,# 65,2 1/2
5 3/8 x 8   DIA,23 x 29,5,# 65,2 1/2
5 3/8 x 8   DIA,23 x 35,6,# 65,2 1/2
5 3/8 x 8   DIA,25 x 38,7,# 65,2 1/2
5 3/8 x 8   DIA,28 x 40,8,# 65,2 1/2
,,,,
,,,,
5 1/2 x 7   DIA,11 x 17,0,# 71,2 1/2
5 1/2 x 7   DIA,17 1/2 x 22 1/2,2,# 71,2 1/2
5 1/2 x 7   DIA,19 x 25,3,# 71,2 1/2
5 1/2 x 7   DIA,23 x 29,4,# 71,2 1/2
5 1/2 x 7   DIA,23 x 35,6,# 71,2 1/2
5 1/2 x 7   DIA,25 x 38,7,# 71,2 1/2
5 1/2 x 7   DIA,28 x 40,8,# 71,2 1/2
,,,,
,,,,
5 1/2 x 7 1/2   DIA,11 x 17,0,# 56,2
5 1/2 x 7 1/2   DIA,17 1/2 x 22 1/2,2,# 56,2
5 1/2 x 7 1/2   DIA,19 x 25,3,# 56,2
5 1/2 x 7 1/2   DIA,23 x 29,4,# 56,2
5 1/2 x 7 1/2   DIA,23 x 35,6,# 56,2
5 1/2 x 7 1/2   DIA,25 x 38,7,# 56,2
5 1/2 x 7 1/2   DIA,28 x 40,8,# 56,2
,,,,
,,,,
#8 BAR - 5 1/2 x 8 1/8   DIA,11 x 17,1,# 102,3 1/16
#8 BAR - 5 1/2 x 8 1/8   DIA,17 1/2 x 22 1/2,2,# 102,3 1/16
#8 BAR - 5 1/2 x 8 1/8   DIA,19 x 25,2,# 102,3 1/16
#8 BAR - 5 1/2 x 8 1/8   DIA,23 x 29,4,# 102,3 1/16
#8 BAR - 5 1/2 x 8 1/8   DIA,23 x 35,6,# 102,3 1/16
#8 BAR - 5 1/2 x 8 1/8   DIA,25 x 38,6,# 102,3 1/16
#8 BAR - 5 1/2 x 8 1/8   DIA,28 x 40,8,# 102,3 1/16
,,,,
,,,,
5 1/2 x 8 1/2   DIA,11 x 17,0,# 195,2 3/4
5 1/2 x 8 1/2   DIA,17 1/2 x 22 1/2,2,# 195,2 3/4
5 1/2 x 8 1/2   DIA,19 x 25,2,# 195,2 3/4
5 1/2 x 8 1/2   DIA,23 x 29,4,# 195,2 3/4
5 1/2 x 8 1/2   DIA,23 x 35,6,# 195,2 3/4
5 1/2 x 8 1/2   DIA,25 x 38,6,# 195,2 3/4
5 1/2 x 8 1/2   DIA,28 x 40,7,# 195,2 3/4
,,,,
,,,,
5 7/8 x 8 3/4   DIA,11 x 17,0,# 184,3
5 7/8 x 8 3/4   DIA,17 1/2 x 22 1/2,2,# 184,3
5 7/8 x 8 3/4   DIA,19 x 25,2,# 184,3
5 7/8 x 8 3/4   DIA,23 x 29,4,# 184,3
5 7/8 x 8 3/4   DIA,23 x 35,6,# 184,3
5 7/8 x 8 3/4   DIA,25 x 38,6,# 184,3
5 7/8 x 8 3/4   DIA,28 x 40,7,# 184,3
,,,,
,,,,
6 x 8   DIA,11 x 17,0,# 66,1 3/4
6 x 8   DIA,17 1/2 x 22 1/2,2,# 66,1 3/4
6 x 8   DIA,19 x 25,2,# 66,1 3/4
6 x 8   DIA,23 x 29,4,# 66,1 3/4
6 x 8   DIA,23 x 35,5,# 66,1 3/4
6 x 8   DIA,25 x 38,6,# 66,1 3/4
6 x 8   DIA,28 x 40,7,# 66,1 3/4
,,,,
,,,,
6 x 9   DIA,11 x 17,0,# 70,2 1/8
6 x 9   DIA,17 1/2 x 22 1/2,2,# 70,2 1/8
6 x 9   DIA,19 x 25,2,# 70,2 1/8
6 x 9   DIA,23 x 29,4,# 70,2 1/8
6 x 9   DIA,23 x 35,5,# 70,2 1/8
6 x 9   DIA,25 x 38,6,# 70,2 1/8
6 x 9   DIA,28 x 40,7,# 70,2 1/8
,,,,
,,,,
6 x 9   DIA,11 x 17,0,# 49,2 3/8
6 x 9   DIA,17 1/2 x 22 1/2,2,# 49,2 3/8
6 x 9   DIA,19 x 25,2,# 49,2 3/8
6 x 9   DIA,23 x 29,4,# 49,2 3/8
6 x 9   DIA,23 x 35,4,# 49,2 3/8
6 x 9   DIA,25 x 38,5,# 49,2 3/8
6 x 9   DIA,28 x 40,6,# 49,2 3/8
,,,,
,,,,
6 x 9 1/2   DIA,11 x 17,0,# 117,2 1/16
6 x 9 1/2   DIA,17 1/2 x 22 1/2,2,# 117,2 1/16
6 x 9 1/2   DIA,19 x 25,2,# 117,2 1/16
6 x 9 1/2   DIA,23 x 29,4,# 117,2 1/16
6 x 9 1/2   DIA,23 x 35,4,# 117,2 1/16
6 x 9 1/2   DIA,25 x 38,5,# 117,2 1/16
6 x 9 1/2   DIA,28 x 40,6,# 117,2 1/16
,,,,
,,,,
6 x 9 1/2   DIA,11 x 17,0,# 183,1  15/16
6 x 9 1/2   DIA,17 1/2 x 22 1/2,2,# 183,1  15/16
6 x 9 1/2   DIA,19 x 25,2,# 183,1  15/16
6 x 9 1/2   DIA,23 x 29,4,# 183,1  15/16
6 x 9 1/2   DIA,23 x 35,4,# 183,1  15/16
6 x 9 1/2   DIA,25 x 38,5,# 183,1  15/16
6 x 9 1/2   DIA,28 x 40,6,# 183,1  15/16
,,,,
,,,,
6 x 9 1/2   DIA,11 x 17,0,# 46,1  11/16
6 x 9 1/2   DIA,17 1/2 x 22 1/2,2,# 46,1  11/16
6 x 9 1/2   DIA,19 x 25,2,# 46,1  11/16
6 x 9 1/2   DIA,23 x 29,3,# 46,1  11/16
6 x 9 1/2   DIA,23 x 35,4,# 46,1  11/16
6 x 9 1/2   DIA,25 x 38,5,# 46,1  11/16
6 x 9 1/2   DIA,28 x 40,6,# 46,1  11/16
,,,,
,,,,
6 x 9 1/2   DIA,11 x 17,0,# 105-N,1 1/2
6 x 9 1/2   DIA,17 1/2 x 22 1/2,2,# 105-N,1 1/2
6 x 9 1/2   DIA,19 x 25,2,# 105-N,1 1/2
6 x 9 1/2   DIA,23 x 29,3,# 105-N,1 1/2
6 x 9 1/2   DIA,23 x 35,4,# 105-N,1 1/2
6 x 9 1/2   DIA,25 x 38,5,# 105-N,1 1/2
6 x 9 1/2   DIA,28 x 40,6,# 105-N,1 1/2
,,,,
,,,,
6 x 12   DIA,11 x 17,0,# 43,2 3/4
6 x 12   DIA,17 1/2 x 22 1/2,1,# 43,2 3/4
6 x 12   DIA,19 x 25,2,# 43,2 3/4
6 x 12   DIA,23 x 29,2,# 43,2 3/4
6 x 12   DIA,23 x 35,3,# 43,2 3/4
6 x 12   DIA,25 x 38,4,# 43,2 3/4
6 x 12   DIA,28 x 40,4,# 43,2 3/4
,,,,
,,,,
6 1/8 x 9 1/2   DIA,11 x 17,0,# 178,1 3/4
6 1/8 x 9 1/2   DIA,17 1/2 x 22 1/2,1,# 178,1 3/4
6 1/8 x 9 1/2   DIA,19 x 25,2,# 178,1 3/4
6 1/8 x 9 1/2   DIA,23 x 29,2,# 178,1 3/4
6 1/8 x 9 1/2   DIA,23 x 35,4,# 178,1 3/4
6 1/8 x 9 1/2   DIA,25 x 38,4,# 178,1 3/4
6 1/8 x 9 1/2   DIA,28 x 40,4,# 178,1 3/4
,,,,
,,,,
6 1/8 x 9 1/2   DIA,11 x 17,0,# 67,2 3/32
6 1/8 x 9 1/2   DIA,17 1/2 x 22 1/2,1,# 67,2 3/32
6 1/8 x 9 1/2   DIA,19 x 25,2,# 67,2 3/32
6 1/8 x 9 1/2   DIA,23 x 29,2,# 67,2 3/32
6 1/8 x 9 1/2   DIA,23 x 35,4,# 67,2 3/32
6 1/8 x 9 1/2   DIA,25 x 38,4,# 67,2 3/32
6 1/8 x 9 1/2   DIA,28 x 40,4,# 67,2 3/32
,,,,
,,,,
6 1/8 x 9 1/2   DIA,11 x 17,0,# 176,2
6 1/8 x 9 1/2   DIA,17 1/2 x 22 1/2,1,# 176,2
6 1/8 x 9 1/2   DIA,19 x 25,2,# 176,2
6 1/8 x 9 1/2   DIA,23 x 29,2,# 176,2
6 1/8 x 9 1/2   DIA,23 x 35,4,# 176,2
6 1/8 x 9 1/2   DIA,25 x 38,4,# 176,2
6 1/8 x 9 1/2   DIA,28 x 40,4,# 176,2
,,,,
,,,,
6 1/8 x 11 1/2   DIA,11 x 17,0,# 80,2
6 1/8 x 11 1/2   DIA,17 1/2 x 22 1/2,1,# 80,2
6 1/8 x 11 1/2   DIA,19 x 25,2,# 80,2
6 1/8 x 11 1/2   DIA,23 x 29,2,# 80,2
6 1/8 x 11 1/2   DIA,23 x 35,3,# 80,2
6 1/8 x 11 1/2   DIA,25 x 38,4,# 80,2
6 1/8 x 11 1/2   DIA,28 x 40,4,# 80,2