die_size,sheet_size,number_out,die_number,flat_size,seal_flap_size
,,,,,
,,,,,
#10 Policy - 4 1/8 x 9 1/2 OE,9 5/8 X 12 5/8,1,# 181,9 1/8 X 12 1/8,1 5/8
#10 Policy - 4 1/8 x 9 1/2 OE,11 X 17 ,1,# 181,9 1/8 X 12 1/8,1 5/8
#10 Policy - 4 1/8 x 9 1/2 OE,17 1/2 X 22 1/2,1,# 181,9 1/8 X 12 1/8,1 5/8
#10 Policy - 4 1/8 x 9 1/2 OE,19 X 25,4,# 181,9 1/8 X 12 1/8,1 5/8
#10 Policy - 4 1/8 x 9 1/2 OE,23 X 29,4,# 181,9 1/8 X 12 1/8,1 5/8
#10 Policy - 4 1/8 x 9 1/2 OE,23 X 35,4,# 181,9 1/8 X 12 1/8,1 5/8
#10 Policy - 4 1/8 x 9 1/2 OE,25 X 38,6,# 181,9 1/8 X 12 1/8,1 5/8
#10 Policy - 4 1/8 x 9 1/2 OE,28 X 40,6,# 181,9 1/8 X 12 1/8,1 5/8
,,,,,
,,,,,
#10 Policy - 4 1/8 x 9 1/2 OE,9 7/8 X 12 3/8,1,# 68,9 3/8 X 11 7/8,1 1/2
#10 Policy - 4 1/8 x 9 1/2 OE,11 X 17 ,1,# 68,9 3/8 X 11 7/8,1 1/2
#10 Policy - 4 1/8 x 9 1/2 OE,17 1/2 X 22 1/2,1,# 68,9 3/8 X 11 7/8,1 1/2
#10 Policy - 4 1/8 x 9 1/2 OE,19 X 25,2,# 68,9 3/8 X 11 7/8,1 1/2
#10 Policy - 4 1/8 x 9 1/2 OE,23 X 29,4,# 68,9 3/8 X 11 7/8,1 1/2
#10 Policy - 4 1/8 x 9 1/2 OE,23 X 35,4,# 68,9 3/8 X 11 7/8,1 1/2
#10 Policy - 4 1/8 x 9 1/2 OE,25 X 38,6,# 68,9 3/8 X 11 7/8,1 1/2
#10 Policy - 4 1/8 x 9 1/2 OE,28 X 40,6,# 68,9 3/8 X 11 7/8,1 1/2
,,,,,
,,,,,
#10 Policy - 4 1/8 x 9 1/2 OE,9 1/4 X 12 13/16,1,# 69,8 3/4 X 12 5/16,2
#10 Policy - 4 1/8 x 9 1/2 OE,11 X 17 ,1,# 69,8 3/4 X 12 5/16,2
#10 Policy - 4 1/8 x 9 1/2 OE,17 1/2 X 22 1/2,2,# 69,8 3/4 X 12 5/16,2
#10 Policy - 4 1/8 x 9 1/2 OE,19 X 25,2,# 69,8 3/4 X 12 5/16,2
#10 Policy - 4 1/8 x 9 1/2 OE,23 X 29,4,# 69,8 3/4 X 12 5/16,2
#10 Policy - 4 1/8 x 9 1/2 OE,23 X 35,4,# 69,8 3/4 X 12 5/16,2
#10 Policy - 4 1/8 x 9 1/2 OE,25 X 38,6,# 69,8 3/4 X 12 5/16,2
#10 Policy - 4 1/8 x 9 1/2 OE,28 X 40,9,# 69,8 3/4 X 12 5/16,2
,,,,,
,,,,,
4 3/8 x 9 1/2 OE,12 15/16 X 12 11/16,1,# 360,12 7/16 X 12 3/16,1 15/16
4 3/8 x 9 1/2 OE,11 X 17 ,0,# 360,12 7/16 X 12 3/16,1 15/16
4 3/8 x 9 1/2 OE,17 1/2 X 22 1/2,1,# 360,12 7/16 X 12 3/16,1 15/16
4 3/8 x 9 1/2 OE,19 X 25,2,# 360,12 7/16 X 12 3/16,1 15/16
4 3/8 x 9 1/2 OE,23 X 29,2,# 360,12 7/16 X 12 3/16,1 15/16
4 3/8 x 9 1/2 OE,23 X 35,2,# 360,12 7/16 X 12 3/16,1 15/16
4 3/8 x 9 1/2 OE,25 X 38,3,# 360,12 7/16 X 12 3/16,1 15/16
4 3/8 x 9 1/2 OE,28 X 40,6,# 360,12 7/16 X 12 3/16,1 15/16
,,,,,
,,,,,
4 1/4 x 7 1/2 OE,9 7/8 X 10 3/8,1,# 251,9 3/8 X 9 7/8,1 1/2
4 1/4 x 7 1/2 OE,11 X 17 ,1,# 251,9 3/8 X 9 7/8,1 1/2
4 1/4 x 7 1/2 OE,17 1/2 X 22 1/2,2,# 251,9 3/8 X 9 7/8,1 1/2
4 1/4 x 7 1/2 OE,19 X 25,4,# 251,9 3/8 X 9 7/8,1 1/2
4 1/4 x 7 1/2 OE,23 X 29,4,# 251,9 3/8 X 9 7/8,1 1/2
4 1/4 x 7 1/2 OE,23 X 35,6,# 251,9 3/8 X 9 7/8,1 1/2
4 1/4 x 7 1/2 OE,25 X 38,6,# 251,9 3/8 X 9 7/8,1 1/2
4 1/4 x 7 1/2 OE,28 X 40,6,# 251,9 3/8 X 9 7/8,1 1/2
,,,,,
,,,,,
4 5/16 x 7 OE,9 7/8 X 10 3/16,1,# 112 - N,9 3/8 X 9 11/16,1 11/16
4 5/16 x 7 OE,11 X 17 ,1,# 112 - N,9 3/8 X 9 11/16,1 11/16
4 5/16 x 7 OE,17 1/2 X 22 1/2,2,# 112 - N,9 3/8 X 9 11/16,1 11/16
4 5/16 x 7 OE,19 X 25,2,# 112 - N,9 3/8 X 9 11/16,1 11/16
4 5/16 x 7 OE,23 X 29,4,# 112 - N,9 3/8 X 9 11/16,1 11/16
4 5/16 x 7 OE,23 X 35,6,# 112 - N,9 3/8 X 9 11/16,1 11/16
4 5/16 x 7 OE,25 X 38,6,# 112 - N,9 3/8 X 9 11/16,1 11/16
4 5/16 x 7 OE,28 X 40,6,# 112 - N,9 3/8 X 9 11/16,1 11/16
,,,,,
,,,,,
4 1/2 x 7 OE,10 1/8 X 10 7/16,1,# 288,9 5/8 X 9 15/16,2
4 1/2 x 7 OE,11 X 17 ,1,# 288,9 5/8 X 9 15/16,2
4 1/2 x 7 OE,17 1/2 X 22 1/2,2,# 288,9 5/8 X 9 15/16,2
4 1/2 x 7 OE,19 X 25,2,# 288,9 5/8 X 9 15/16,2
4 1/2 x 7 OE,23 X 29,4,# 288,9 5/8 X 9 15/16,2
4 1/2 x 7 OE,23 X 35,6,# 288,9 5/8 X 9 15/16,2
4 1/2 x 7 OE,25 X 38,6,# 288,9 5/8 X 9 15/16,2
4 1/2 x 7 OE,28 X 40,6,# 288,9 5/8 X 9 15/16,2
,,,,,
,,,,,
4 1/2 x 10 3/8 OE,10 X 13 5/8,1,# 271,9 1/2 X 13 1/8,2
4 1/2 x 10 3/8 OE,11 X 17 ,1,# 271,9 1/2 X 13 1/8,2
4 1/2 x 10 3/8 OE,17 1/2 X 22 1/2,1,# 271,9 1/2 X 13 1/8,2
4 1/2 x 10 3/8 OE,19 X 25,1,# 271,9 1/2 X 13 1/8,2
4 1/2 x 10 3/8 OE,23 X 29,4,# 271,9 1/2 X 13 1/8,2
4 1/2 x 10 3/8 OE,23 X 35,4,# 271,9 1/2 X 13 1/8,2
4 1/2 x 10 3/8 OE,25 X 38,4,# 271,9 1/2 X 13 1/8,2
4 1/2 x 10 3/8 OE,28 X 40,4,# 271,9 1/2 X 13 1/8,2
,,,,,
,,,,,
5 x 11 1/2  OE,11 X 15 1/2,1,# 240,10 1/2 X 15,2 1/2
5 x 11 1/2  OE,11 X 17 ,1,# 240,10 1/2 X 15,2 1/2
5 x 11 1/2  OE,17 1/2 X 22 1/2,1,# 240,10 1/2 X 15,2 1/2
5 x 11 1/2  OE,19 X 25,1,# 240,10 1/2 X 15,2 1/2
5 x 11 1/2  OE,23 X 29,2,# 240,10 1/2 X 15,2 1/2
5 x 11 1/2  OE,23 X 35,4,# 240,10 1/2 X 15,2 1/2
5 x 11 1/2  OE,25 X 38,4,# 240,10 1/2 X 15,2 1/2
5 x 11 1/2  OE,28 X 40,4,# 240,10 1/2 X 15,2 1/2
,,,,,
,,,,,
5 x 13 3/4  OE,12 1/4 X 16 1/2,1,# 310,10 3/4 X 16,1 1/4
5 x 13 3/4  OE,11 X 17 ,0,# 310,10 3/4 X 16,1 1/4
5 x 13 3/4  OE,17 1/2 X 22 1/2,1,# 310,10 3/4 X 16,1 1/4
5 x 13 3/4  OE,19 X 25,1,# 310,10 3/4 X 16,1 1/4
5 x 13 3/4  OE,23 X 29,2,# 310,10 3/4 X 16,1 1/4
5 x 13 3/4  OE,23 X 35,4,# 310,10 3/4 X 16,1 1/4
5 x 13 3/4  OE,25 X 38,4,# 310,10 3/4 X 16,1 1/4
5 x 13 3/4  OE,28 X 40,4,# 310,10 3/4 X 16,1 1/4
,,,,,
,,,,,
5 1/4 x 10 1/2  OE,12 X 13 3/4,1,# 224,11 1/2 X 13 1/4,1 3/4
5 1/4 x 10 1/2  OE,11 X 17 ,0,# 224,11 1/2 X 13 1/4,1 3/4
5 1/4 x 10 1/2  OE,17 1/2 X 22 1/2,1,# 224,11 1/2 X 13 1/4,1 3/4
5 1/4 x 10 1/2  OE,19 X 25,1,# 224,11 1/2 X 13 1/4,1 3/4
5 1/4 x 10 1/2  OE,23 X 29,2,# 224,11 1/2 X 13 1/4,1 3/4
5 1/4 x 10 1/2  OE,23 X 35,2,# 224,11 1/2 X 13 1/4,1 3/4
5 1/4 x 10 1/2  OE,25 X 38,4,# 224,11 1/2 X 13 1/4,1 3/4
5 1/4 x 10 1/2  OE,28 X 40,4,# 224,11 1/2 X 13 1/4,1 3/4
,,,,,
,,,,,
5 1/2 x 8 1/4  OE,12 1/8 X 11 3/8,1,# 237,11 5/8 X 10 7/8,1 3/4
5 1/2 x 8 1/4  OE,11 X 17 ,0,# 237,11 5/8 X 10 7/8,1 3/4
5 1/2 x 8 1/4  OE,17 1/2 X 22 1/2,2,# 237,11 5/8 X 10 7/8,1 3/4
5 1/2 x 8 1/4  OE,19 X 25,2,# 237,11 5/8 X 10 7/8,1 3/4
5 1/2 x 8 1/4  OE,23 X 29,2,# 237,11 5/8 X 10 7/8,1 3/4
5 1/2 x 8 1/4  OE,23 X 35,3,# 237,11 5/8 X 10 7/8,1 3/4
5 1/2 x 8 1/4  OE,25 X 38,6,# 237,11 5/8 X 10 7/8,1 3/4
5 1/2 x 8 1/4  OE,28 X 40,6,# 237,11 5/8 X 10 7/8,1 3/4
,,,,,
,,,,,
5 1/2 x 8 1/2  OE,12 X 11 5/8,1,# 226,11 1/2 X 11 1/8,1 3/4
5 1/2 x 8 1/2  OE,11 X 17 ,0,# 226,11 1/2 X 11 1/8,1 3/4
5 1/2 x 8 1/2  OE,17 1/2 X 22 1/2,1,# 226,11 1/2 X 11 1/8,1 3/4
5 1/2 x 8 1/2  OE,19 X 25,2,# 226,11 1/2 X 11 1/8,1 3/4
5 1/2 x 8 1/2  OE,23 X 29,4,# 226,11 1/2 X 11 1/8,1 3/4
5 1/2 x 8 1/2  OE,23 X 35,6,# 226,11 1/2 X 11 1/8,1 3/4
5 1/2 x 8 1/2  OE,25 X 38,6,# 226,11 1/2 X 11 1/8,1 3/4
5 1/2 x 8 1/2  OE,28 X 40,6,# 226,11 1/2 X 11 1/8,1 3/4
,,,,,
,,,,,
5 1/2 x 11  OE,12 1/4 X 15,1,# 309,11 3/4 X 14 1/2,2 1/2
5 1/2 x 11  OE,11 X 17 ,0,# 309,11 3/4 X 14 1/2,2 1/2
5 1/2 x 11  OE,17 1/2 X 22 1/2,1,# 309,11 3/4 X 14 1/2,2 1/2
5 1/2 x 11  OE,19 X 25,1,# 309,11 3/4 X 14 1/2,2 1/2
5 1/2 x 11  OE,23 X 29,1,# 309,11 3/4 X 14 1/2,2 1/2
5 1/2 x 11  OE,23 X 35,2,# 309,11 3/4 X 14 1/2,2 1/2
5 1/2 x 11  OE,25 X 38,4,# 309,11 3/4 X 14 1/2,2 1/2
5 1/2 x 11  OE,28 X 40,4,# 309,11 3/4 X 14 1/2,2 1/2
,,,,,
,,,,,
5 1/2 x 11 1/2  OE,12 1/8 X 15 1/2,1,# 239,11 5/8 X 15,2 1/2
5 1/2 x 11 1/2  OE,11 X 17 ,0,# 239,11 5/8 X 15,2 1/2
5 1/2 x 11 1/2  OE,17 1/2 X 22 1/2,1,# 239,11 5/8 X 15,2 1/2
5 1/2 x 11 1/2  OE,19 X 25,2,# 239,11 5/8 X 15,2 1/2
5 1/2 x 11 1/2  OE,23 X 29,4,# 239,11 5/8 X 15,2 1/2
5 1/2 x 11 1/2  OE,23 X 35,6,# 239,11 5/8 X 15,2 1/2
5 1/2 x 11 1/2  OE,25 X 38,6,# 239,11 5/8 X 15,2 1/2
5 1/2 x 11 1/2  OE,28 X 40,6,# 239,11 5/8 X 15,2 1/2
,,,,,
,,,,,
5 1/2 x 13  OE,12 1/4 X 17 3/4,1,# 319,11 3/4 X 17 1/4,3
5 1/2 x 13  OE,11 X 17 ,0,# 319,11 3/4 X 17 1/4,3
5 1/2 x 13  OE,17 1/2 X 22 1/2,1,# 319,11 3/4 X 17 1/4,3
5 1/2 x 13  OE,19 X 25,1,# 319,11 3/4 X 17 1/4,3
5 1/2 x 13  OE,23 X 29,2,# 319,11 3/4 X 17 1/4,3
5 1/2 x 13  OE,23 X 35,2,# 319,11 3/4 X 17 1/4,3
5 1/2 x 13  OE,25 X 38,4,# 319,11 3/4 X 17 1/4,3
5 1/2 x 13  OE,28 X 40,4,# 319,11 3/4 X 17 1/4,3
,,,,,
,,,,,
5 5/8 x 5 5/8  OE,11 5/8 X 8 1/4,1,# 252,11 1/8 X 7 3/4,1 1/4
5 5/8 x 5 5/8  OE,11 X 17 ,0,# 252,11 1/8 X 7 3/4,1 1/4
5 5/8 x 5 5/8  OE,17 1/2 X 22 1/2,2,# 252,11 1/8 X 7 3/4,1 1/4
5 5/8 x 5 5/8  OE,19 X 25,3,# 252,11 1/8 X 7 3/4,1 1/4
5 5/8 x 5 5/8  OE,23 X 29,3,# 252,11 1/8 X 7 3/4,1 1/4
5 5/8 x 5 5/8  OE,23 X 35,4,# 252,11 1/8 X 7 3/4,1 1/4
5 5/8 x 5 5/8  OE,25 X 38,8,# 252,11 1/8 X 7 3/4,1 1/4
5 5/8 x 5 5/8  OE,28 X 40,10,# 252,11 1/8 X 7 3/4,1 1/4
,,,,,
,,,,,
5 7/8 x 7 1/2  OE,14 7/8 X 10 15/16,1,# 278,14 3/8 X 10 7/16,1 13/16
5 7/8 x 7 1/2  OE,11 X 17 ,0,# 278,14 3/8 X 10 7/16,1 13/16
5 7/8 x 7 1/2  OE,17 1/2 X 22 1/2,2,# 278,14 3/8 X 10 7/16,1 13/16
5 7/8 x 7 1/2  OE,19 X 25,2,# 278,14 3/8 X 10 7/16,1 13/16
5 7/8 x 7 1/2  OE,23 X 29,2,# 278,14 3/8 X 10 7/16,1 13/16
5 7/8 x 7 1/2  OE,23 X 35,3,# 278,14 3/8 X 10 7/16,1 13/16
5 7/8 x 7 1/2  OE,25 X 38,3,# 278,14 3/8 X 10 7/16,1 13/16
5 7/8 x 7 1/2  OE,28 X 40,3,# 278,14 3/8 X 10 7/16,1 13/16
,,,,,
,,,,,
5 7/8 x 7 7/8  OE,12 13/16 X 11 1/4,1,# 227,12 5/16 X 10 3/4,2
5 7/8 x 7 7/8  OE,11 X 17 ,0,# 227,12 5/16 X 10 3/4,2
5 7/8 x 7 7/8  OE,17 1/2 X 22 1/2,2,# 227,12 5/16 X 10 3/4,2
5 7/8 x 7 7/8  OE,19 X 25,2,# 227,12 5/16 X 10 3/4,2
5 7/8 x 7 7/8  OE,23 X 29,2,# 227,12 5/16 X 10 3/4,2
5 7/8 x 7 7/8  OE,23 X 35,3,# 227,12 5/16 X 10 3/4,2
5 7/8 x 7 7/8  OE,25 X 38,3,# 227,12 5/16 X 10 3/4,2
5 7/8 x 7 7/8  OE,28 X 40,6,# 227,12 5/16 X 10 3/4,2
,,,,,
,,,,,
6 x 7  OE,11 X 12 1/4,1,# 280,10 1/2 X 11 3/4,3 3/4
6 x 7  OE,11 X 17 ,1,# 280,10 1/2 X 11 3/4,3 3/4
6 x 7  OE,17 1/2 X 22 1/2,1,# 280,10 1/2 X 11 3/4,3 3/4
6 x 7  OE,19 X 25,2,# 280,10 1/2 X 11 3/4,3 3/4
6 x 7  OE,23 X 29,4,# 280,10 1/2 X 11 3/4,3 3/4
6 x 7  OE,23 X 35,4,# 280,10 1/2 X 11 3/4,3 3/4
6 x 7  OE,25 X 38,6,# 280,10 1/2 X 11 3/4,3 3/4
6 x 7  OE,28 X 40,6,# 280,10 1/2 X 11 3/4,3 3/4
,,,,,
,,,,,
6 x 8 1/2  OE,13 1/8 X 9 7/8,1,# 275,12 5/8 X 9 3/8,0
6 x 8 1/2  OE,11 X 17 ,0,# 275,12 5/8 X 9 3/8,0
6 x 8 1/2  OE,17 1/2 X 22 1/2,2,# 275,12 5/8 X 9 3/8,0
6 x 8 1/2  OE,19 X 25,2,# 275,12 5/8 X 9 3/8,0
6 x 8 1/2  OE,23 X 29,3,# 275,12 5/8 X 9 3/8,0
6 x 8 1/2  OE,23 X 35,3,# 275,12 5/8 X 9 3/8,0
6 x 8 1/2  OE,25 X 38,4,# 275,12 5/8 X 9 3/8,0
6 x 8 1/2  OE,28 X 40,8,# 275,12 5/8 X 9 3/8,0
,,,,,
,,,,,
6 x 9  OE,13 1/4 X 12 9/16,1,# 260,12 3/4 X 12 1/16,2
6 x 9  OE,11 X 17 ,0,# 260,12 3/4 X 12 1/16,2
6 x 9  OE,17 1/2 X 22 1/2,1,# 260,12 3/4 X 12 1/16,2
6 x 9  OE,19 X 25,2,# 260,12 3/4 X 12 1/16,2
6 x 9  OE,23 X 29,2,# 260,12 3/4 X 12 1/16,2
6 x 9  OE,23 X 35,2,# 260,12 3/4 X 12 1/16,2
6 x 9  OE,25 X 38,3,# 260,12 3/4 X 12 1/16,2
6 x 9  OE,28 X 40,6,# 260,12 3/4 X 12 1/16,2
,,,,,
,,,,,
6 x 9  OE,13 3/8 X 13 1/4,1,# 308,12 7/8 X 12 3/4,2 3/4
6 x 9  OE,11 X 17 ,0,# 308,12 7/8 X 12 3/4,2 3/4
6 x 9  OE,17 1/2 X 22 1/2,1,# 308,12 7/8 X 12 3/4,2 3/4
6 x 9  OE,19 X 25,2,# 308,12 7/8 X 12 3/4,2 3/4
6 x 9  OE,23 X 29,2,# 308,12 7/8 X 12 3/4,2 3/4
6 x 9  OE,23 X 35,2,# 308,12 7/8 X 12 3/4,2 3/4
6 x 9  OE,25 X 38,2,# 308,12 7/8 X 12 3/4,2 3/4
6 x 9  OE,28 X 40,6,# 308,12 7/8 X 12 3/4,2 3/4
,,,,,
6 x 9  OE,12 15/16 X 10 1/2,1,# 276,12 7/16 X 10,0
6 x 9  OE,11 X 17 ,0,# 276,12 7/16 X 10,0
6 x 9  OE,17 1/2 X 22 1/2,2,# 276,12 7/16 X 10,0
6 x 9  OE,19 X 25,2,# 276,12 7/16 X 10,0
6 x 9  OE,23 X 29,2,# 276,12 7/16 X 10,0
6 x 9  OE,23 X 35,3,# 276,12 7/16 X 10,0
6 x 9  OE,25 X 38,3,# 276,12 7/16 X 10,0
6 x 9  OE,28 X 40,6,# 276,12 7/16 X 10,0
,,,,,
,,,,,
6 x 9 1/2  OE,9 3/8 X 22 7/8,1,# 146,8 7/8 X 22 3/8,6 3/8
6 x 9 1/2  OE,11 X 17 ,0,# 146,8 7/8 X 22 3/8,6 3/8
6 x 9 1/2  OE,17 1/2 X 22 1/2,0,# 146,8 7/8 X 22 3/8,6 3/8
6 x 9 1/2  OE,19 X 25,2,# 146,8 7/8 X 22 3/8,6 3/8
6 x 9 1/2  OE,23 X 29,2,# 146,8 7/8 X 22 3/8,6 3/8
6 x 9 1/2  OE,23 X 35,2,# 146,8 7/8 X 22 3/8,6 3/8
6 x 9 1/2  OE,25 X 38,2,# 146,8 7/8 X 22 3/8,6 3/8
6 x 9 1/2  OE,28 X 40,3,# 146,8 7/8 X 22 3/8,6 3/8
,,,,,
,,,,,
6 x 10 1/2  OE,13 1/4 X 14 7/8,1,# 225,12 3/4 X 13 3/8,1 7/8
6 x 10 1/2  OE,11 X 17 ,0,# 225,12 3/4 X 13 3/8,1 7/8
6 x 10 1/2  OE,17 1/2 X 22 1/2,0,# 225,12 3/4 X 13 3/8,1 7/8
6 x 10 1/2  OE,19 X 25,1,# 225,12 3/4 X 13 3/8,1 7/8
6 x 10 1/2  OE,23 X 29,2,# 225,12 3/4 X 13 3/8,1 7/8
6 x 10 1/2  OE,23 X 35,2,# 225,12 3/4 X 13 3/8,1 7/8
6 x 10 1/2  OE,25 X 38,2,# 225,12 3/4 X 13 3/8,1 7/8
6 x 10 1/2  OE,28 X 40,6,# 225,12 3/4 X 13 3/8,1 7/8
,,,,,
,,,,,
6 1/8 x 6 7/8  OE,14 1/4 X 8 5/8,1,# 304,13 3/4 X 8 1/8,0 - sleeve
6 1/8 x 6 7/8  OE,11 X 17 ,0,# 304,13 3/4 X 8 1/8,0 - sleeve
6 1/8 x 6 7/8  OE,17 1/2 X 22 1/2,2,# 304,13 3/4 X 8 1/8,0 - sleeve
6 1/8 x 6 7/8  OE,19 X 25,2,# 304,13 3/4 X 8 1/8,0 - sleeve
6 1/8 x 6 7/8  OE,23 X 29,3,# 304,13 3/4 X 8 1/8,0 - sleeve
6 1/8 x 6 7/8  OE,23 X 35,4,# 304,13 3/4 X 8 1/8,0 - sleeve
6 1/8 x 6 7/8  OE,25 X 38,4,# 304,13 3/4 X 8 1/8,0 - sleeve
6 1/8 x 6 7/8  OE,28 X 40,4,# 304,13 3/4 X 8 1/8,0 - sleeve
,,,,,
,,,,,
6 1/4 x 9 1/2  OE,13 1/2 X 13,1,# 221,13 X 12 1/2,2
6 1/4 x 9 1/2  OE,11 X 17 ,0,# 221,13 X 12 1/2,2
6 1/4 x 9 1/2  OE,17 1/2 X 22 1/2,1,# 221,13 X 12 1/2,2
6 1/4 x 9 1/2  OE,19 X 25,1,# 221,13 X 12 1/2,2
6 1/4 x 9 1/2  OE,23 X 29,2,# 221,13 X 12 1/2,2
6 1/4 x 9 1/2  OE,23 X 35,2,# 221,13 X 12 1/2,2
6 1/4 x 9 1/2  OE,25 X 38,2,# 221,13 X 12 1/2,2
6 1/4 x 9 1/2  OE,28 X 40,6,# 221,13 X 12 1/2,2
,,,,,
,,,,,
6 1/2 x 6 1/2  OE,14 1/4 X 10,1,# 233,13 3/4 X 9 1/2,2
6 1/2 x 6 1/2  OE,11 X 17 ,0,# 233,13 3/4 X 9 1/2,2
6 1/2 x 6 1/2  OE,17 1/2 X 22 1/2,2,# 233,13 3/4 X 9 1/2,2
6 1/2 x 6 1/2  OE,19 X 25,2,# 233,13 3/4 X 9 1/2,2
6 1/2 x 6 1/2  OE,23 X 29,2,# 233,13 3/4 X 9 1/2,2
6 1/2 x 6 1/2  OE,23 X 35,3,# 233,13 3/4 X 9 1/2,2
6 1/2 x 6 1/2  OE,25 X 38,3,# 233,13 3/4 X 9 1/2,2
6 1/2 x 6 1/2  OE,28 X 40,4,# 233,13 3/4 X 9 1/2,2
,,,,,
,,,,,
6 1/2 x 8 3/4  OE,14 1/4 X 10 1/8,1,# 283,13 3/4 X 9 5/8,0 - sleeve
6 1/2 x 8 3/4  OE,11 X 17 ,0,# 283,13 3/4 X 9 5/8,0 - sleeve
6 1/2 x 8 3/4  OE,17 1/2 X 22 1/2,2,# 283,13 3/4 X 9 5/8,0 - sleeve
6 1/2 x 8 3/4  OE,19 X 25,2,# 283,13 3/4 X 9 5/8,0 - sleeve
6 1/2 x 8 3/4  OE,23 X 29,3,# 283,13 3/4 X 9 5/8,0 - sleeve
6 1/2 x 8 3/4  OE,23 X 35,3,# 283,13 3/4 X 9 5/8,0 - sleeve
6 1/2 x 8 3/4  OE,25 X 38,3,# 283,13 3/4 X 9 5/8,0 - sleeve
6 1/2 x 8 3/4  OE,28 X 40,8,# 283,13 3/4 X 9 5/8,0 - sleeve
,,,,,
,,,,,
6 1/2 x 9  OE,14 1/16 X 12 1/8,1,# 223,13 9/16 X 11 5/8,1 3/4
6 1/2 x 9  OE,11 X 17 ,0,# 223,13 9/16 X 11 5/8,1 3/4
6 1/2 x 9  OE,17 1/2 X 22 1/2,1,# 223,13 9/16 X 11 5/8,1 3/4
6 1/2 x 9  OE,19 X 25,2,# 223,13 9/16 X 11 5/8,1 3/4
6 1/2 x 9  OE,23 X 29,2,# 223,13 9/16 X 11 5/8,1 3/4
6 1/2 x 9  OE,23 X 35,2,# 223,13 9/16 X 11 5/8,1 3/4
6 1/2 x 9  OE,25 X 38,3,# 223,13 9/16 X 11 5/8,1 3/4
6 1/2 x 9  OE,28 X 40,3,# 223,13 9/16 X 11 5/8,1 3/4
,,,,,
,,,,,
6 1/2 x 9 1/2  OE,14 1/2 X 13,1,# 222,14 X 12 1/2,2 1/8
6 1/2 x 9 1/2  OE,11 X 17 ,0,# 222,14 X 12 1/2,2 1/8
6 1/2 x 9 1/2  OE,17 1/2 X 22 1/2,1,# 222,14 X 12 1/2,2 1/8
6 1/2 x 9 1/2  OE,19 X 25,1,# 222,14 X 12 1/2,2 1/8
6 1/2 x 9 1/2  OE,23 X 29,2,# 222,14 X 12 1/2,2 1/8
6 1/2 x 9 1/2  OE,23 X 35,2,# 222,14 X 12 1/2,2 1/8
6 1/2 x 9 1/2  OE,25 X 38,2,# 222,14 X 12 1/2,2 1/8
6 1/2 x 9 1/2  OE,28 X 40,3,# 222,14 X 12 1/2,2 1/8
,,,,,
,,,,,
6 1/2 x 9 1/2  OE,14 1/8 X 12 1/2,1,# 238,13 5/8 X 12,1 5/8
6 1/2 x 9 1/2  OE,11 X 17 ,0,# 238,13 5/8 X 12,1 5/8
6 1/2 x 9 1/2  OE,17 1/2 X 22 1/2,1,# 238,13 5/8 X 12,1 5/8
6 1/2 x 9 1/2  OE,19 X 25,2,# 238,13 5/8 X 12,1 5/8
6 1/2 x 9 1/2  OE,23 X 29,2,# 238,13 5/8 X 12,1 5/8
6 1/2 x 9 1/2  OE,23 X 35,2,# 238,13 5/8 X 12,1 5/8
6 1/2 x 9 1/2  OE,25 X 38,3,# 238,13 5/8 X 12,1 5/8
6 1/2 x 9 1/2  OE,28 X 40,6,# 238,13 5/8 X 12,1 5/8
,,,,,
,,,,,
7 x 10  OE,15 X 13 1/4,1,# 232,14 1/2 X 13 1/4,2 1/4
7 x 10  OE,11 X 17 ,0,# 232,14 1/2 X 13 1/4,2 1/4
7 x 10  OE,17 1/2 X 22 1/2,1,# 232,14 1/2 X 13 1/4,2 1/4
7 x 10  OE,19 X 25,1,# 232,14 1/2 X 13 1/4,2 1/4
7 x 10  OE,23 X 29,2,# 232,14 1/2 X 13 1/4,2 1/4
7 x 10  OE,23 X 35,2,# 232,14 1/2 X 13 1/4,2 1/4
7 x 10  OE,25 X 38,3,# 232,14 1/2 X 13 1/4,2 1/4
7 x 10  OE,28 X 40,4,# 232,14 1/2 X 13 1/4,2 1/4
,,,,,
,,,,,
7 x 10  OE,15 1/2 X 15 1/2,1,# 311,15 X 15,2
7 x 10  OE,11 X 17 ,0,# 311,15 X 15,2
7 x 10  OE,17 1/2 X 22 1/2,1,# 311,15 X 15,2
7 x 10  OE,19 X 25,1,# 311,15 X 15,2
7 x 10  OE,23 X 29,1,# 311,15 X 15,2
7 x 10  OE,23 X 35,2,# 311,15 X 15,2
7 x 10  OE,25 X 38,2,# 311,15 X 15,2
7 x 10  OE,28 X 40,2,# 311,15 X 15,2
,,,,,
,,,,,
7 1/4 x 7 1/4  OE,15 9/16 X 9 3/4,1,# 234,15 1/16 X 9 1/4,1 1/4
7 1/4 x 7 1/4  OE,11 X 17 ,0,# 234,15 1/16 X 9 1/4,1 1/4
7 1/4 x 7 1/4  OE,17 1/2 X 22 1/2,2,# 234,15 1/16 X 9 1/4,1 1/4
7 1/4 x 7 1/4  OE,19 X 25,2,# 234,15 1/16 X 9 1/4,1 1/4
7 1/4 x 7 1/4  OE,23 X 29,3,# 234,15 1/16 X 9 1/4,1 1/4
7 1/4 x 7 1/4  OE,23 X 35,3,# 234,15 1/16 X 9 1/4,1 1/4
7 1/4 x 7 1/4  OE,25 X 38,4,# 234,15 1/16 X 9 1/4,1 1/4
7 1/4 x 7 1/4  OE,28 X 40,4,# 234,15 1/16 X 9 1/4,1 1/4
,,,,,
,,,,,
7 1/2 x 8 3/4  OE,15 1/4 X 12 1/4,1,# 362,14 3/4 X 11 3/4,2
7 1/2 x 8 3/4  OE,11 X 17 ,0,# 362,14 3/4 X 11 3/4,2
7 1/2 x 8 3/4  OE,17 1/2 X 22 1/2,1,# 362,14 3/4 X 11 3/4,2
7 1/2 x 8 3/4  OE,19 X 25,2,# 362,14 3/4 X 11 3/4,2
7 1/2 x 8 3/4  OE,23 X 29,2,# 362,14 3/4 X 11 3/4,2
7 1/2 x 8 3/4  OE,23 X 35,2,# 362,14 3/4 X 11 3/4,2
7 1/2 x 8 3/4  OE,25 X 38,3,# 362,14 3/4 X 11 3/4,2
7 1/2 x 8 3/4  OE,28 X 40,3,# 362,14 3/4 X 11 3/4,2
,,,,,
,,,,,
7 1/2 x 8 3/4  OE,14 3/16 X 10 1/8,1,# 283,13 13/16 X 9 5/8,??
7 1/2 x 8 3/4  OE,11 X 17 ,0,# 283,13 13/16 X 9 5/8,??
7 1/2 x 8 3/4  OE,17 1/2 X 22 1/2,1,# 283,13 13/16 X 9 5/8,??
7 1/2 x 8 3/4  OE,19 X 25,2,# 283,13 13/16 X 9 5/8,??
7 1/2 x 8 3/4  OE,23 X 29,2,# 283,13 13/16 X 9 5/8,??
7 1/2 x 8 3/4  OE,23 X 35,2,# 283,13 13/16 X 9 5/8,??
7 1/2 x 8 3/4  OE,25 X 38,3,# 283,13 13/16 X 9 5/8,??
7 1/2 x 8 3/4  OE,28 X 40,3,# 283,13 13/16 X 9 5/8,??
,,,,,
,,,,,
7 1/2 x 10 1/2  OE,16 1/8 X 14 1/8,1,# 231,15 5/8 X 13 5/8,2 1/8
7 1/2 x 10 1/2  OE,11 X 17 ,0,# 231,15 5/8 X 13 5/8,2 1/8
7 1/2 x 10 1/2  OE,17 1/2 X 22 1/2,1,# 231,15 5/8 X 13 5/8,2 1/8
7 1/2 x 10 1/2  OE,19 X 25,1,# 231,15 5/8 X 13 5/8,2 1/8
7 1/2 x 10 1/2  OE,23 X 29,2,# 231,15 5/8 X 13 5/8,2 1/8
7 1/2 x 10 1/2  OE,23 X 35,2,# 231,15 5/8 X 13 5/8,2 1/8
7 1/2 x 10 1/2  OE,25 X 38,2,# 231,15 5/8 X 13 5/8,2 1/8
7 1/2 x 10 1/2  OE,28 X 40,2,# 231,15 5/8 X 13 5/8,2 1/8
,,,,,
,,,,,
7 7/8 x 8  OE,17 1/8 X 11 7/16,1,# 318,16 5/8 X 10 15/16,1 15/16
7 7/8 x 8  OE,11 X 17 ,0,# 318,16 5/8 X 10 15/16,1 15/16
7 7/8 x 8  OE,17 1/2 X 22 1/2,2,# 318,16 5/8 X 10 15/16,1 15/16
7 7/8 x 8  OE,19 X 25,2,# 318,16 5/8 X 10 15/16,1 15/16
7 7/8 x 8  OE,23 X 29,2,# 318,16 5/8 X 10 15/16,1 15/16
7 7/8 x 8  OE,23 X 35,3,# 318,16 5/8 X 10 15/16,1 15/16
7 7/8 x 8  OE,25 X 38,3,# 318,16 5/8 X 10 15/16,1 15/16
7 7/8 x 8  OE,28 X 40,3,# 318,16 5/8 X 10 15/16,1 15/16
,,,,,
,,,,,
8 x 8  OE,17 1/2 X 11 3/4,1,# 135,17 X 11 1/4,2 1/4
8 x 8  OE,11 X 17 ,0,# 135,17 X 11 1/4,2 1/4
8 x 8  OE,17 1/2 X 22 1/2,1,# 135,17 X 11 1/4,2 1/4
8 x 8  OE,19 X 25,2,# 135,17 X 11 1/4,2 1/4
8 x 8  OE,23 X 29,2,# 135,17 X 11 1/4,2 1/4
8 x 8  OE,23 X 35,3,# 135,17 X 11 1/4,2 1/4
8 x 8  OE,25 X 38,3,# 135,17 X 11 1/4,2 1/4
8 x 8  OE,28 X 40,3,# 135,17 X 11 1/4,2 1/4
,,,,,
,,,,,
8 x 8  OE,17 1/8 X 11 1/2,1,# 313,16 5/8 X 11,2
8 x 8  OE,11 X 17 ,0,# 313,16 5/8 X 11,2
8 x 8  OE,17 1/2 X 22 1/2,1,# 313,16 5/8 X 11,2
8 x 8  OE,19 X 25,2,# 313,16 5/8 X 11,2
8 x 8  OE,23 X 29,2,# 313,16 5/8 X 11,2
8 x 8  OE,23 X 35,3,# 313,16 5/8 X 11,2
8 x 8  OE,25 X 38,3,# 313,16 5/8 X 11,2
8 x 8  OE,28 X 40,3,# 313,16 5/8 X 11,2
,,,,,
,,,,,
8 x 10  OE,17 3/16 X 13 1/2,1,# 320,16 11/16 X 13,2
8 x 10  OE,11 X 17 ,0,# 320,16 11/16 X 13,2
8 x 10  OE,17 1/2 X 22 1/2,1,# 320,16 11/16 X 13,2
8 x 10  OE,19 X 25,1,# 320,16 11/16 X 13,2
8 x 10  OE,23 X 29,2,# 320,16 11/16 X 13,2
8 x 10  OE,23 X 35,2,# 320,16 11/16 X 13,2
8 x 10  OE,25 X 38,2,# 320,16 11/16 X 13,2
8 x 10  OE,28 X 40,3,# 320,16 11/16 X 13,2
,,,,,
,,,,,
8 1/2 x 8 3/4  OE,18 1/2 X 10 1/8,1,# 317,18 X 9 5/8,0 - sleeve
8 1/2 x 8 3/4  OE,11 X 17 ,0,# 317,18 X 9 5/8,0 - sleeve
8 1/2 x 8 3/4  OE,17 1/2 X 22 1/2,0,# 317,18 X 9 5/8,0 - sleeve
8 1/2 x 8 3/4  OE,19 X 25,2,# 317,18 X 9 5/8,0 - sleeve
8 1/2 x 8 3/4  OE,23 X 29,2,# 317,18 X 9 5/8,0 - sleeve
8 1/2 x 8 3/4  OE,23 X 35,3,# 317,18 X 9 5/8,0 - sleeve
8 1/2 x 8 3/4  OE,25 X 38,3,# 317,18 X 9 5/8,0 - sleeve
8 1/2 x 8 3/4  OE,28 X 40,4,# 317,18 X 9 5/8,0 - sleeve
,,,,,
,,,,,
8 1/2 x 10 1/2  OE,19 7/8 X 12 1/4,1,# 314,19 1/2 X 11 1/2,0 - sleeve
8 1/2 x 10 1/2  OE,11 X 17 ,0,# 314,19 1/2 X 11 1/2,0 - sleeve
8 1/2 x 10 1/2  OE,17 1/2 X 22 1/2,0,# 314,19 1/2 X 11 1/2,0 - sleeve
8 1/2 x 10 1/2  OE,19 X 25,0,# 314,19 1/2 X 11 1/2,0 - sleeve
8 1/2 x 10 1/2  OE,23 X 29,2,# 314,19 1/2 X 11 1/2,0 - sleeve
8 1/2 x 10 1/2  OE,23 X 35,2,# 314,19 1/2 X 11 1/2,0 - sleeve
8 1/2 x 10 1/2  OE,25 X 38,3,# 314,19 1/2 X 11 1/2,0 - sleeve
8 1/2 x 10 1/2  OE,28 X 40,3,# 314,19 1/2 X 11 1/2,0 - sleeve
,,,,,
,,,,,
8 1/2 x 11  OE,18 5/8 X 12 1/2,1,# 369,18 1/8 X 12,0 - sleeve
8 1/2 x 11  OE,11 X 17 ,0,# 369,18 1/8 X 12,0 - sleeve
8 1/2 x 11  OE,17 1/2 X 22 1/2,0,# 369,18 1/8 X 12,0 - sleeve
8 1/2 x 11  OE,19 X 25,1,# 369,18 1/8 X 12,0 - sleeve
8 1/2 x 11  OE,23 X 29,2,# 369,18 1/8 X 12,0 - sleeve
8 1/2 x 11  OE,23 X 35,2,# 369,18 1/8 X 12,0 - sleeve
8 1/2 x 11  OE,25 X 38,3,# 369,18 1/8 X 12,0 - sleeve
8 1/2 x 11  OE,28 X 40,3,# 369,18 1/8 X 12,0 - sleeve
,,,,,
,,,,,
8 1/2 x 11 1/2  OE,18 1/8 X 15 3/4,1,# 249,17 5/8 X 15,2 1/2
8 1/2 x 11 1/2  OE,11 X 17 ,0,# 249,17 5/8 X 15,2 1/2
8 1/2 x 11 1/2  OE,17 1/2 X 22 1/2,0,# 249,17 5/8 X 15,2 1/2
8 1/2 x 11 1/2  OE,19 X 25,1,# 249,17 5/8 X 15,2 1/2
8 1/2 x 11 1/2  OE,23 X 29,2,# 249,17 5/8 X 15,2 1/2
8 1/2 x 11 1/2  OE,23 X 35,2,# 249,17 5/8 X 15,2 1/2
8 1/2 x 11 1/2  OE,25 X 38,3,# 249,17 5/8 X 15,2 1/2
8 1/2 x 11 1/2  OE,28 X 40,3,# 249,17 5/8 X 15,2 1/2
,,,,,
,,,,,
8 3/4 x 11  OE,18 7/8 X 12 1/2,1,# 369,18 3/8 X 12,0 - sleeve
8 3/4 x 11  OE,11 X 17 ,0,# 369,18 3/8 X 12,0 - sleeve
8 3/4 x 11  OE,17 1/2 X 22 1/2,0,# 369,18 3/8 X 12,0 - sleeve
8 3/4 x 11  OE,19 X 25,2,# 369,18 3/8 X 12,0 - sleeve
8 3/4 x 11  OE,23 X 29,2,# 369,18 3/8 X 12,0 - sleeve
8 3/4 x 11  OE,23 X 35,2,# 369,18 3/8 X 12,0 - sleeve
8 3/4 x 11  OE,25 X 38,3,# 369,18 3/8 X 12,0 - sleeve
8 3/4 x 11  OE,28 X 40,3,# 369,18 3/8 X 12,0 - sleeve
,,,,,
,,,,,
8 3/4 x 11 1/4  OE,18 5/8 X 15,1,# 144,18 1/8 X 14 1/2,2 1/4
8 3/4 x 11 1/4  OE,11 X 17 ,0,# 144,18 1/8 X 14 1/2,2 1/4
8 3/4 x 11 1/4  OE,17 1/2 X 22 1/2,0,# 144,18 1/8 X 14 1/2,2 1/4
8 3/4 x 11 1/4  OE,19 X 25,1,# 144,18 1/8 X 14 1/2,2 1/4
8 3/4 x 11 1/4  OE,23 X 29,1,# 144,18 1/8 X 14 1/2,2 1/4
8 3/4 x 11 1/4  OE,23 X 35,2,# 144,18 1/8 X 14 1/2,2 1/4
8 3/4 x 11 1/4  OE,25 X 38,2,# 144,18 1/8 X 14 1/2,2 1/4
8 3/4 x 11 1/4  OE,28 X 40,2,# 144,18 1/8 X 14 1/2,2 1/4
,,,,,
,,,,,
8 3/4 x 11 1/4  OE,18 5/8 X 15,1,# 247,18 1/8 X 14 1/2,2 1/4
8 3/4 x 11 1/4  OE,11 X 17 ,0,# 247,18 1/8 X 14 1/2,2 1/4
8 3/4 x 11 1/4  OE,17 1/2 X 22 1/2,0,# 247,18 1/8 X 14 1/2,2 1/4
8 3/4 x 11 1/4  OE,19 X 25,1,# 247,18 1/8 X 14 1/2,2 1/4
8 3/4 x 11 1/4  OE,23 X 29,1,# 247,18 1/8 X 14 1/2,2 1/4
8 3/4 x 11 1/4  OE,23 X 35,2,# 247,18 1/8 X 14 1/2,2 1/4
8 3/4 x 11 1/4  OE,25 X 38,2,# 247,18 1/8 X 14 1/2,2 1/4
8 3/4 x 11 1/4  OE,28 X 40,2,# 247,18 1/8 X 14 1/2,2 1/4
,,,,,
,,,,,
8 3/4 x 11 1/4  OE,18 5/8 X 15,1,# 147,18 1/8 X 14 1/2,2 1/4
8 3/4 x 11 1/4  OE,11 X 17 ,0,# 147,18 1/8 X 14 1/2,2 1/4
8 3/4 x 11 1/4  OE,17 1/2 X 22 1/2,0,# 147,18 1/8 X 14 1/2,2 1/4
8 3/4 x 11 1/4  OE,19 X 25,1,# 147,18 1/8 X 14 1/2,2 1/4
8 3/4 x 11 1/4  OE,23 X 29,1,# 147,18 1/8 X 14 1/2,2 1/4
8 3/4 x 11 1/4  OE,23 X 35,2,# 147,18 1/8 X 14 1/2,2 1/4
8 3/4 x 11 1/4  OE,25 X 38,2,# 147,18 1/8 X 14 1/2,2 1/4
8 3/4 x 11 1/4  OE,28 X 40,2,# 147,18 1/8 X 14 1/2,2 1/4
,,,,,
,,,,,
8 7/8 x 8 7/8  OE,19 3/16 X 12 5/8,1,# 324,18 11/16 X 12 1/8,2 1/4
8 7/8 x 8 7/8  OE,11 X 17 ,0,# 324,18 11/16 X 12 1/8,2 1/4
8 7/8 x 8 7/8  OE,17 1/2 X 22 1/2,0,# 324,18 11/16 X 12 1/8,2 1/4
8 7/8 x 8 7/8  OE,19 X 25,2,# 324,18 11/16 X 12 1/8,2 1/4
8 7/8 x 8 7/8  OE,23 X 29,2,# 324,18 11/16 X 12 1/8,2 1/4
8 7/8 x 8 7/8  OE,23 X 35,2,# 324,18 11/16 X 12 1/8,2 1/4
8 7/8 x 8 7/8  OE,25 X 38,3,# 324,18 11/16 X 12 1/8,2 1/4
8 7/8 x 8 7/8  OE,28 X 40,3,# 324,18 11/16 X 12 1/8,2 1/4
,,,,,
,,,,,
9 x 11  OE,19 1/4 X 14 1/8,1,# 150,18 3/4 X 13 5/8,1 1/2
9 x 11  OE,11 X 17 ,0,# 150,18 3/4 X 13 5/8,1 1/2
9 x 11  OE,17 1/2 X 22 1/2,0,# 150,18 3/4 X 13 5/8,1 1/2
9 x 11  OE,19 X 25,0,# 150,18 3/4 X 13 5/8,1 1/2
9 x 11  OE,23 X 29,1,# 150,18 3/4 X 13 5/8,1 1/2
9 x 11  OE,23 X 35,2,# 150,18 3/4 X 13 5/8,1 1/2
9 x 11  OE,25 X 38,2,# 150,18 3/4 X 13 5/8,1 1/2
9 x 11  OE,28 X 40,3,# 150,18 3/4 X 13 5/8,1 1/2
,,,,,
,,,,,
9 x 12  OE,19 1/4 X 15 1/2,1,# 153,18 3/4 X 15,2
9 x 12  OE,11 X 17 ,0,# 153,18 3/4 X 15,2
9 x 12  OE,17 1/2 X 22 1/2,0,# 153,18 3/4 X 15,2
9 x 12  OE,19 X 25,0,# 153,18 3/4 X 15,2
9 x 12  OE,23 X 29,1,# 153,18 3/4 X 15,2
9 x 12  OE,23 X 35,2,# 153,18 3/4 X 15,2
9 x 12  OE,25 X 38,2,# 153,18 3/4 X 15,2
9 x 12  OE,28 X 40,2,# 153,18 3/4 X 15,2
,,,,,
,,,,,
9 x 12  OE,19 1/4 X 15 1/2,1,# 328,18 3/4 X 15,2
9 x 12  OE,11 X 17 ,0,# 328,18 3/4 X 15,2
9 x 12  OE,17 1/2 X 22 1/2,0,# 328,18 3/4 X 15,2
9 x 12  OE,19 X 25,0,# 328,18 3/4 X 15,2
9 x 12  OE,23 X 29,1,# 328,18 3/4 X 15,2
9 x 12  OE,23 X 35,2,# 328,18 3/4 X 15,2
9 x 12  OE,25 X 38,2,# 328,18 3/4 X 15,2
9 x 12  OE,28 X 40,2,# 328,18 3/4 X 15,2
,,,,,
,,,,,
9 x 12  OE,19 5/16 X 15 1/2,1,# 145,18 13/16 X 15,2
9 x 12  OE,11 X 17 ,0,# 145,18 13/16 X 15,2
9 x 12  OE,17 1/2 X 22 1/2,0,# 145,18 13/16 X 15,2
9 x 12  OE,19 X 25,0,# 145,18 13/16 X 15,2
9 x 12  OE,23 X 29,1,# 145,18 13/16 X 15,2
9 x 12  OE,23 X 35,2,# 145,18 13/16 X 15,2
9 x 12  OE,25 X 38,2,# 145,18 13/16 X 15,2
9 x 12  OE,28 X 40,2,# 145,18 13/16 X 15,2
,,,,,
,,,,,
9 x 12  OE,19 1/4 X 15 1/2,1,# 148,18 3/4 X 15,2
9 x 12  OE,11 X 17 ,0,# 148,18 3/4 X 15,2
9 x 12  OE,17 1/2 X 22 1/2,0,# 148,18 3/4 X 15,2
9 x 12  OE,19 X 25,0,# 148,18 3/4 X 15,2
9 x 12  OE,23 X 29,1,# 148,18 3/4 X 15,2
9 x 12  OE,23 X 35,2,# 148,18 3/4 X 15,2
9 x 12  OE,25 X 38,2,# 148,18 3/4 X 15,2
9 x 12  OE,28 X 40,2,# 148,18 3/4 X 15,2
,,,,,
,,,,,
9 x 12 1/2  OE,19 1/8 X 17,1,# 337 & 368,18 7/8 X 16 1/2,2
9 x 12 1/2  OE,11 X 17 ,0,# 337 & 368,18 7/8 X 16 1/2,2
9 x 12 1/2  OE,17 1/2 X 22 1/2,0,# 337 & 368,18 7/8 X 16 1/2,2
9 x 12 1/2  OE,19 X 25,0,# 337 & 368,18 7/8 X 16 1/2,2
9 x 12 1/2  OE,23 X 29,1,# 337 & 368,18 7/8 X 16 1/2,2
9 x 12 1/2  OE,23 X 35,2,# 337 & 368,18 7/8 X 16 1/2,2
9 x 12 1/2  OE,25 X 38,2,# 337 & 368,18 7/8 X 16 1/2,2
9 x 12 1/2  OE,28 X 40,2,# 337 & 368,18 7/8 X 16 1/2,2
,,,,,
,,,,,
9 x 15 1/2  OE,19 1/2 X 19 1/2,1,# 325,19 X 19,2 1/2
9 x 15 1/2  OE,11 X 17 ,0,# 325,19 X 19,2 1/2
9 x 15 1/2  OE,17 1/2 X 22 1/2,0,# 325,19 X 19,2 1/2
9 x 15 1/2  OE,19 X 25,0,# 325,19 X 19,2 1/2
9 x 15 1/2  OE,23 X 29,1,# 325,19 X 19,2 1/2
9 x 15 1/2  OE,23 X 35,1,# 325,19 X 19,2 1/2
9 x 15 1/2  OE,25 X 38,1,# 325,19 X 19,2 1/2
9 x 15 1/2  OE,28 X 40,2,# 325,19 X 19,2 1/2
,,,,,
,,,,,
9 1/4 x 12 1/8  OE,20 1/8 X 15 7/8,1,# 143,19 5/8 X 15 3/8,2
9 1/4 x 12 1/8  OE,11 X 17 ,0,# 143,19 5/8 X 15 3/8,2
9 1/4 x 12 1/8  OE,17 1/2 X 22 1/2,0,# 143,19 5/8 X 15 3/8,2
9 1/4 x 12 1/8  OE,19 X 25,0,# 143,19 5/8 X 15 3/8,2
9 1/4 x 12 1/8  OE,23 X 29,1,# 143,19 5/8 X 15 3/8,2
9 1/4 x 12 1/8  OE,23 X 35,2,# 143,19 5/8 X 15 3/8,2
9 1/4 x 12 1/8  OE,25 X 38,2,# 143,19 5/8 X 15 3/8,2
9 1/4 x 12 1/8  OE,28 X 40,2,# 143,19 5/8 X 15 3/8,2
,,,,,
,,,,,
9 1/4 x 12 1/4  OE,20 X 15 11/16,1,# 245,19 1/2 X 15 3/6,2
9 1/4 x 12 1/4  OE,11 X 17 ,0,# 245,19 1/2 X 15 3/6,2
9 1/4 x 12 1/4  OE,17 1/2 X 22 1/2,0,# 245,19 1/2 X 15 3/6,2
9 1/4 x 12 1/4  OE,19 X 25,0,# 245,19 1/2 X 15 3/6,2
9 1/4 x 12 1/4  OE,23 X 29,1,# 245,19 1/2 X 15 3/6,2
9 1/4 x 12 1/4  OE,23 X 35,2,# 245,19 1/2 X 15 3/6,2
9 1/4 x 12 1/4  OE,25 X 38,2,# 245,19 1/2 X 15 3/6,2
9 1/4 x 12 1/4  OE,28 X 40,2,# 245,19 1/2 X 15 3/6,2
,,,,,
,,,,,
9 1/2 x 12  OE,20 3/16 X 15 1/2,1,# 191-UT,19 11/16 X 15,2
9 1/2 x 12  OE,11 X 17 ,0,# 191-UT,19 11/16 X 15,2
9 1/2 x 12  OE,17 1/2 X 22 1/2,0,# 191-UT,19 11/16 X 15,2
9 1/2 x 12  OE,19 X 25,0,# 191-UT,19 11/16 X 15,2
9 1/2 x 12  OE,23 X 29,1,# 191-UT,19 11/16 X 15,2
9 1/2 x 12  OE,23 X 35,2,# 191-UT,19 11/16 X 15,2
9 1/2 x 12  OE,25 X 38,2,# 191-UT,19 11/16 X 15,2
9 1/2 x 12  OE,28 X 40,2,# 191-UT,19 11/16 X 15,2
,,,,,
,,,,,
9 1/2 x 12  OE,20 1/8 X 15 5/8,1,# 146,19 5/8 X 15 1/8,2 1/4
9 1/2 x 12  OE,11 X 17 ,0,# 146,19 5/8 X 15 1/8,2 1/4
9 1/2 x 12  OE,17 1/2 X 22 1/2,0,# 146,19 5/8 X 15 1/8,2 1/4
9 1/2 x 12  OE,19 X 25,0,# 146,19 5/8 X 15 1/8,2 1/4
9 1/2 x 12  OE,23 X 29,1,# 146,19 5/8 X 15 1/8,2 1/4
9 1/2 x 12  OE,23 X 35,2,# 146,19 5/8 X 15 1/8,2 1/4
9 1/2 x 12  OE,25 X 38,2,# 146,19 5/8 X 15 1/8,2 1/4
9 1/2 x 12  OE,28 X 40,2,# 146,19 5/8 X 15 1/8,2 1/4
,,,,,
,,,,,
9 1/2 x 12 1/2  OE,20 1/4 X 16,1,# 156,19 3/4 X 15 1/2,2
9 1/2 x 12 1/2  OE,11 X 17 ,0,# 156,19 3/4 X 15 1/2,2
9 1/2 x 12 1/2  OE,17 1/2 X 22 1/2,0,# 156,19 3/4 X 15 1/2,2
9 1/2 x 12 1/2  OE,19 X 25,0,# 156,19 3/4 X 15 1/2,2
9 1/2 x 12 1/2  OE,23 X 29,1,# 156,19 3/4 X 15 1/2,2
9 1/2 x 12 1/2  OE,23 X 35,2,# 156,19 3/4 X 15 1/2,2
9 1/2 x 12 1/2  OE,25 X 38,2,# 156,19 3/4 X 15 1/2,2
9 1/2 x 12 1/2  OE,28 X 40,2,# 156,19 3/4 X 15 1/2,2
,,,,,
,,,,,
9 1/2 x 12 1/2  OE,20 3/8 X 16,1,# 250,19 7/8 X 15 1/2,2
9 1/2 x 12 1/2  OE,11 X 17 ,0,# 250,19 7/8 X 15 1/2,2
9 1/2 x 12 1/2  OE,17 1/2 X 22 1/2,0,# 250,19 7/8 X 15 1/2,2
9 1/2 x 12 1/2  OE,19 X 25,0,# 250,19 7/8 X 15 1/2,2
9 1/2 x 12 1/2  OE,23 X 29,1,# 250,19 7/8 X 15 1/2,2
9 1/2 x 12 1/2  OE,23 X 35,2,# 250,19 7/8 X 15 1/2,2
9 1/2 x 12 1/2  OE,25 X 38,2,# 250,19 7/8 X 15 1/2,2
9 1/2 x 12 1/2  OE,28 X 40,2,# 250,19 7/8 X 15 1/2,2
,,,,,
,,,,,
10 x 13  OE,21 X 16 1/2,1,# 159,20 3/4 X 16 1/2,2
10 x 13  OE,11 X 17 ,0,# 159,20 3/4 X 16 1/2,2
10 x 13  OE,17 1/2 X 22 1/2,0,# 159,20 3/4 X 16 1/2,2
10 x 13  OE,19 X 25,0,# 159,20 3/4 X 16 1/2,2
10 x 13  OE,23 X 29,1,# 159,20 3/4 X 16 1/2,2
10 x 13  OE,23 X 35,2,# 159,20 3/4 X 16 1/2,2
10 x 13  OE,25 X 38,2,# 159,20 3/4 X 16 1/2,2
10 x 13  OE,28 X 40,2,# 159,20 3/4 X 16 1/2,2
,,,,,
,,,,,
10 x 13  OE,21 1/4 X 16 3/4,1,# 149,20 3/4 X 16 1/4,2 1/8
10 x 13  OE,11 X 17 ,0,# 149,20 3/4 X 16 1/4,2 1/8
10 x 13  OE,17 1/2 X 22 1/2,0,# 149,20 3/4 X 16 1/4,2 1/8
10 x 13  OE,19 X 25,0,# 149,20 3/4 X 16 1/4,2 1/8
10 x 13  OE,23 X 29,1,# 149,20 3/4 X 16 1/4,2 1/8
10 x 13  OE,23 X 35,2,# 149,20 3/4 X 16 1/4,2 1/8
10 x 13  OE,25 X 38,2,# 149,20 3/4 X 16 1/4,2 1/8
10 x 13  OE,28 X 40,2,# 149,20 3/4 X 16 1/4,2 1/8
,,,,,
,,,,,
10 x 13  OE,21 1/4 X 17,1,# 246,20 3/4 X 16 1/2,2 1/2
10 x 13  OE,11 X 17 ,0,# 246,20 3/4 X 16 1/2,2 1/2
10 x 13  OE,17 1/2 X 22 1/2,0,# 246,20 3/4 X 16 1/2,2 1/2
10 x 13  OE,19 X 25,0,# 246,20 3/4 X 16 1/2,2 1/2
10 x 13  OE,23 X 29,1,# 246,20 3/4 X 16 1/2,2 1/2
10 x 13  OE,23 X 35,2,# 246,20 3/4 X 16 1/2,2 1/2
10 x 13  OE,25 X 38,2,# 246,20 3/4 X 16 1/2,2 1/2
10 x 13  OE,28 X 40,2,# 246,20 3/4 X 16 1/2,2 1/2
,,,,,
,,,,,
10 x 15  OE,21 1/16 X 18 3/4,1,# 326,20 9/16 X 18 1/4,2 1/4
10 x 15  OE,11 X 17 ,0,# 326,20 9/16 X 18 1/4,2 1/4
10 x 15  OE,17 1/2 X 22 1/2,0,# 326,20 9/16 X 18 1/4,2 1/4
10 x 15  OE,19 X 25,0,# 326,20 9/16 X 18 1/4,2 1/4
10 x 15  OE,23 X 29,1,# 326,20 9/16 X 18 1/4,2 1/4
10 x 15  OE,23 X 35,1,# 326,20 9/16 X 18 1/4,2 1/4
10 x 15  OE,25 X 38,2,# 326,20 9/16 X 18 1/4,2 1/4
10 x 15  OE,28 X 40,2,# 326,20 9/16 X 18 1/4,2 1/4
,,,,,
,,,,,
10 x 15 1/2  OE,21 1/4 X 18 3/4,1,# 336,20 9/16 X 18 1/4,1 3/4
10 x 15 1/2  OE,11 X 17 ,0,# 336,20 9/16 X 18 1/4,1 3/4
10 x 15 1/2  OE,17 1/2 X 22 1/2,0,# 336,20 9/16 X 18 1/4,1 3/4
10 x 15 1/2  OE,19 X 25,0,# 336,20 9/16 X 18 1/4,1 3/4
10 x 15 1/2  OE,23 X 29,1,# 336,20 9/16 X 18 1/4,1 3/4
10 x 15 1/2  OE,23 X 35,1,# 336,20 9/16 X 18 1/4,1 3/4
10 x 15 1/2  OE,25 X 38,2,# 336,20 9/16 X 18 1/4,1 3/4
10 x 15 1/2  OE,28 X 40,2,# 336,20 9/16 X 18 1/4,1 3/4
,,,,,
,,,,,
10 1/4 x 10 1/4  OE,21 3/4 X 13 3/8,1,# 321,21 1/4 X 12 7/8,1 5/8
10 1/4 x 10 1/4  OE,11 X 17 ,0,# 321,21 1/4 X 12 7/8,1 5/8
10 1/4 x 10 1/4  OE,17 1/2 X 22 1/2,0,# 321,21 1/4 X 12 7/8,1 5/8
10 1/4 x 10 1/4  OE,19 X 25,0,# 321,21 1/4 X 12 7/8,1 5/8
10 1/4 x 10 1/4  OE,23 X 29,1,# 321,21 1/4 X 12 7/8,1 5/8
10 1/4 x 10 1/4  OE,23 X 35,1,# 321,21 1/4 X 12 7/8,1 5/8
10 1/4 x 10 1/4  OE,25 X 38,2,# 321,21 1/4 X 12 7/8,1 5/8
10 1/4 x 10 1/4  OE,28 X 40,2,# 321,21 1/4 X 12 7/8,1 5/8
,,,,,
,,,,,
10 1/2 x 10 1/2  OE,24 1/4 X 17 1/8,1,# 340,23 3/4 X 16 5/8,3 1/8
10 1/2 x 10 1/2  OE,11 X 17 ,0,# 340,23 3/4 X 16 5/8,3 1/8
10 1/2 x 10 1/2  OE,17 1/2 X 22 1/2,0,# 340,23 3/4 X 16 5/8,3 1/8
10 1/2 x 10 1/2  OE,19 X 25,0,# 340,23 3/4 X 16 5/8,3 1/8
10 1/2 x 10 1/2  OE,23 X 29,0,# 340,23 3/4 X 16 5/8,3 1/8
10 1/2 x 10 1/2  OE,23 X 35,0,# 340,23 3/4 X 16 5/8,3 1/8
10 1/2 x 10 1/2  OE,25 X 38,2,# 340,23 3/4 X 16 5/8,3 1/8
10 1/2 x 10 1/2  OE,28 X 40,2,# 340,23 3/4 X 16 5/8,3 1/8
,,,,,
,,,,,
10 1/2 x 14 1/2  OE,22 X 18 5/8,1,# 323,21 1/2 X 18 1/8,2 1/2
10 1/2 x 14 1/2  OE,11 X 17 ,0,# 323,21 1/2 X 18 1/8,2 1/2
10 1/2 x 14 1/2  OE,17 1/2 X 22 1/2,0,# 323,21 1/2 X 18 1/8,2 1/2
10 1/2 x 14 1/2  OE,19 X 25,0,# 323,21 1/2 X 18 1/8,2 1/2
10 1/2 x 14 1/2  OE,23 X 29,1,# 323,21 1/2 X 18 1/8,2 1/2
10 1/2 x 14 1/2  OE,23 X 35,1,# 323,21 1/2 X 18 1/8,2 1/2
10 1/2 x 14 1/2  OE,25 X 38,2,# 323,21 1/2 X 18 1/8,2 1/2
10 1/2 x 14 1/2  OE,28 X 40,2,# 323,21 1/2 X 18 1/8,2 1/2
,,,,,
,,,,,
10 1/2 x 15  OE,22 1/16 X 16 1/2,1,# 322,21 9/16 X 16,0 - sleeve
10 1/2 x 15  OE,11 X 17 ,0,# 322,21 9/16 X 16,0 - sleeve
10 1/2 x 15  OE,17 1/2 X 22 1/2,0,# 322,21 9/16 X 16,0 - sleeve
10 1/2 x 15  OE,19 X 25,0,# 322,21 9/16 X 16,0 - sleeve
10 1/2 x 15  OE,23 X 29,1,# 322,21 9/16 X 16,0 - sleeve
10 1/2 x 15  OE,23 X 35,2,# 322,21 9/16 X 16,0 - sleeve
10 1/2 x 15  OE,25 X 38,2,# 322,21 9/16 X 16,0 - sleeve
10 1/2 x 15  OE,28 X 40,2,# 322,21 9/16 X 16,0 - sleeve
,,,,,
,,,,,
11 1/4 x 11 1/4  OE,24 X 15 1/8,1,# 370,23 1/2 X 14 5/8,2 1/8
11 1/4 x 11 1/4  OE,11 X 17 ,0,# 370,23 1/2 X 14 5/8,2 1/8
11 1/4 x 11 1/4  OE,17 1/2 X 22 1/2,0,# 370,23 1/2 X 14 5/8,2 1/8
11 1/4 x 11 1/4  OE,19 X 25,0,# 370,23 1/2 X 14 5/8,2 1/8
11 1/4 x 11 1/4  OE,23 X 29,0,# 370,23 1/2 X 14 5/8,2 1/8
11 1/4 x 11 1/4  OE,23 X 35,0,# 370,23 1/2 X 14 5/8,2 1/8
11 1/4 x 11 1/4  OE,25 X 38,2,# 370,23 1/2 X 14 5/8,2 1/8
11 1/4 x 11 1/4  OE,28 X 40,2,# 370,23 1/2 X 14 5/8,2 1/8
,,,,,
,,,,,
11 1/4 x 14 1/8  OE,24 X 17 7/8,1,# 148,23 1/2 X 17 3/8,2
11 1/4 x 14 1/8  OE,11 X 17 ,0,# 148,23 1/2 X 17 3/8,2
11 1/4 x 14 1/8  OE,17 1/2 X 22 1/2,0,# 148,23 1/2 X 17 3/8,2
11 1/4 x 14 1/8  OE,19 X 25,0,# 148,23 1/2 X 17 3/8,2
11 1/4 x 14 1/8  OE,23 X 29,0,# 148,23 1/2 X 17 3/8,2
11 1/4 x 14 1/8  OE,23 X 35,0,# 148,23 1/2 X 17 3/8,2
11 1/4 x 14 1/8  OE,25 X 38,2,# 148,23 1/2 X 17 3/8,2
11 1/4 x 14 1/8  OE,28 X 40,2,# 148,23 1/2 X 17 3/8,2
,,,,,
,,,,,
12 x 15 1/2  OE,25 1/2 X 19,1,# 162,25 X 18 1/2,2
12 x 15 1/2  OE,11 X 17 ,0,# 162,25 X 18 1/2,2
12 x 15 1/2  OE,17 1/2 X 22 1/2,0,# 162,25 X 18 1/2,2
12 x 15 1/2  OE,19 X 25,0,# 162,25 X 18 1/2,2
12 x 15 1/2  OE,23 X 29,0,# 162,25 X 18 1/2,2
12 x 15 1/2  OE,23 X 35,0,# 162,25 X 18 1/2,2
12 x 15 1/2  OE,25 X 38,0,# 162,25 X 18 1/2,2
12 x 15 1/2  OE,28 X 40,2,# 162,25 X 18 1/2,2